time,q_b_Lh,tau_b_Lh,action_b_Lh,target_q_b_Lh,q_Lh_Ll,tau_Lh_Ll,action_Lh_Ll,target_q_Lh_Ll,q_Ll_Ll1,tau_Ll_Ll1,action_Ll_Ll1,target_q_Ll_Ll1,q_Ll1_Ll2,tau_Ll1_Ll2,action_Ll1_Ll2,target_q_Ll1_Ll2,q_Ll2_La,tau_Ll2_La,action_Ll2_La,target_q_Ll2_La,q_La_Lf,tau_La_Lf,action_La_Lf,target_q_La_Lf,q_b_Rh,tau_b_Rh,action_b_Rh,target_q_b_Rh,q_Rh_Rl,tau_Rh_Rl,action_Rh_Rl,target_q_Rh_Rl,q_Rl_Rl1,tau_Rl_Rl1,action_Rl_Rl1,target_q_Rl_Rl1,q_Rl1_Rl2,tau_Rl1_Rl2,action_Rl1_Rl2,target_q_Rl1_Rl2,q_Rl2_Ra,tau_Rl2_Ra,action_Rl2_Ra,target_q_Rl2_Ra,q_Ra_Rf,tau_Ra_Rf,action_Ra_Rf,target_q_Ra_Rf,omega_x,omega_y,omega_z,roll,pitch,yaw
0.0,0.3,0.0,0.0,0.10238299,0.0,0.0,0.0,-0.22019795,0.0,0.0,0.0,0.1498265,-0.6,0.0,0.0,-0.67075696,0.3,0.0,0.0,0.51876954,0.0,0.0,0.0,0.08857973,-0.3,0.0,0.0,-0.2864686,0.0,0.0,0.0,-0.0428395,0.0,0.0,0.0,-0.09933759,0.6,0.0,0.0,0.28910417,-0.3,0.0,0.0,-0.3905345,0.0,0.0,0.0,-0.01705695,0.0,0.0,0.0,0.0,0.0,3.141592653589793
0.02,0.24544329855951785,-7.210387120034565,0.0,0.272896646,-0.03729872847836524,-11.927998106073815,0.0,-0.145965758,0.07943162935183878,-3.122134117656694,0.0,0.039761227999999996,-0.6128652866994719,-4.383303953127016,0.0,-0.63163832,0.3981272375309316,-0.24790094844548172,0.0,0.366134116,0.06148991418242104,-0.5302788905971706,0.0,0.042156658,-0.21983615948474858,-15.484664884142092,0.0,-0.046148735999999996,-0.004937127395872791,-2.2212151457822937,0.0,-0.12044372400000002,0.000977146521278182,-8.601569413974921,0.0,-0.055530590000000005,0.5242779757890367,-15.251913014904806,0.0,0.481118402,-0.2972264190296938,-4.102871738403154,0.0,-0.11291092399999998,-0.01818368881129879,-0.1087888192426115,0.0,-0.02709755,0.5280131552060984,-1.6108629106084185,-0.6070737669484279,0.0019361217840663033,-0.028516238626943375,-3.14015462210801
0.04,0.20603949187134774,9.163006595302422,0.0,0.34381586519999996,-0.10311532857013822,2.6657667029121246,0.0,-0.0825685924,0.057624489272335,0.6975282710977599,0.0,-0.013875856000000002,-0.6478669116954475,4.560304150587408,0.0,-0.59642834,0.37945796467247017,0.8346543771509657,0.0,0.41610804,0.04671525244337871,0.09563479528542337,0.0,0.020131324,-0.16088487083701483,7.003123749552121,0.0,0.04081072200000001,-0.039967900359824525,-3.747298566786455,0.0,-0.10337900368,-0.027342377587313012,-0.332825072839976,0.0,-0.010622734016799999,0.46526376622853377,5.25872593753297,0.0,0.6616856548,-0.23319772797004626,3.3857020088745964,0.0,0.006798146240000011,0.015503501172977411,-1.5581574813946815,0.0,0.006610479040000002,1.1750013141405147,-0.9279973196605256,-0.3707391555395576,0.021338932142217687,-0.05161538738058292,3.1299716117200402
0.06,0.1975301731408346,14.797494642171525,0.0,0.29234353304,-0.14480473005243458,8.430222528181181,0.0,-0.04154363848,0.001727608174265182,1.811234500487493,0.0,-0.041055659200000004,-0.6610343605759791,6.737358589139796,0.0,-0.6042662040000001,0.3915507520976933,0.37808983871358026,0.0,0.41347180000000006,0.016146769937710692,0.2560651145954072,0.0,0.06620568880000001,-0.1532309481975565,18.40016568662135,0.0,-0.14649737560000003,-0.06743312766128677,-2.3653820657718025,0.0,0.06604704726400001,-0.024637439087030193,-0.5696025733327017,0.0,-0.005078274803359999,0.5055722386087197,10.780184328931178,0.0,0.94805500296,-0.20964785380607281,5.224505543562729,0.0,-0.534453098752,0.036960121628105636,-0.9340311059145812,0.0,-0.031762024192,-0.015351878644364242,-0.8876477496941462,0.9194889699880092,0.03274494157256128,-0.06666192231988628,3.132869248503138
0.08,0.20804123863046559,8.092865451532639,0.0,0.08817655460799999,-0.13452433046010215,5.6948351015386045,0.0,-0.048795911696,-0.036829612259901424,1.215339001061649,0.0,-0.018194747839999997,-0.6519211358362358,3.654848554943503,0.0,-0.7093118087999999,0.4064890260705707,-0.21257998193208316,0.0,0.27065427200000003,0.048565903582419814,0.1445572594269397,0.0,0.16012948976000002,-0.21369150704996348,7.9824458994347856,0.0,-0.37943071512000004,-0.04060037588168338,5.099708370720214,0.0,0.11836380145280001,-0.020874457508276673,0.6504450994447505,0.0,-0.003472446960672,0.7535535039769283,0.17172745197733263,0.0,1.194705936592,-0.3468052387350236,0.4269383308315522,0.0,-0.7716606437504,-0.029006423287230305,0.2547284949913404,0.0,-0.0837104048384,-1.602100267013663,-1.1226959724568186,1.6303414762847797,0.0174533526070872,-0.07997509746680437,-3.131768974104333
0.1,0.2054721016833254,-9.15930877884632,0.0,-0.029489849078400007,-0.09126261279013644,-0.9957656743873535,0.0,0.0323390576608,-0.0289344912594662,-0.14177366724585339,0.0,0.015790946432000002,-0.6530683885120117,-4.904282012133843,0.0,-0.7844387617599999,0.3492238397775221,-0.08859378991240385,0.0,0.1788226544,0.13875854020144113,-0.09564398995395418,0.0,0.256522353952,-0.2690282729966699,-9.068888031487404,0.0,-0.513762991024,0.03844648768060985,-0.8081507362926512,0.0,0.12404551229056,-0.014287708727293869,-0.5700730163888383,0.0,-0.0239451373921344,1.0581912002807035,-9.882731198457462,0.0,1.2299735313184001,-0.5423158679871248,0.5268665799258834,0.0,-0.67976680075008,-0.0777218081821548,0.0703756095788538,0.0,-0.08223983296768,-2.046526047279079,-1.8396621433565075,0.8503411183660572,-0.01834244424222007,-0.10430818274882717,-3.110910822782067
0.12,0.16883197124250207,-14.861287041754945,0.0,-0.00268702581568,-0.029226785816295887,0.005107545678003866,0.0,0.07164836353216,-0.0048133370100828365,-0.01682264609745099,0.0,0.0443706852864,-0.6835065860388033,-6.947195982457506,0.0,-0.7759868643519999,0.2709412927132933,0.13159832433528695,0.0,0.07973050688,0.23417044351147853,-0.10109362555576862,0.0,0.2165811747904,-0.29995830622306086,-18.56732613035804,0.0,-0.5041231502048,0.137063487296843,-9.832362798392179,0.0,0.074704790458112,-0.004753378813498872,-3.3277695340492315,0.0,0.0023283565215731217,1.246211940911537,-13.571000877301778,0.0,1.2959814822636802,-0.6080454583890987,-0.0033362586957608187,0.0,-0.6311862641500161,-0.07585501983391299,-0.23571075618850468,0.0,-0.058456958593536,-2.176889848704941,-1.7057445265131665,-0.6256802509708446,-0.0626983295849548,-0.1391204491982616,-3.108798318555607
0.14,0.1152923399947583,-6.232960597221022,0.0,-0.011524765163136,0.018924940524692756,1.6143580719532555,0.0,0.028644392706432,0.02413124609781209,0.10826683856169383,0.0,0.08585100105728,-0.7146085919999172,-3.4002878386083144,0.0,-0.7322023968703999,0.1756294650491322,0.6755429308216376,0.0,-0.07103777862400001,0.2182737337767689,0.06385230903894175,0.0,0.13554797095808,-0.35286505174199867,-9.621594680597362,0.0,-0.50198220604096,0.18001953227767167,-12.342364052885992,0.0,0.0895277980916224,0.03206625987704342,-5.789059317769694,0.0,0.033484351304314625,1.3344360446934096,-8.600373929476087,0.0,1.2071202724527361,-0.6200680346584738,0.13588744589434376,0.0,-0.6141251248300033,-0.04926094981289668,-0.41015621318522,0.0,-0.009111519718707198,-1.3026295135378805,-1.0518100912176678,-1.5216317541138271,-0.0930291829663457,-0.16657795482785503,-3.1289622746441097
0.16,0.051638220502120157,-1.1622137062322757,0.0,-0.020841625032627202,0.03551247057947828,-1.2114012752707934,0.0,-0.05954101745871361,0.06699402956873614,-0.7031525212847125,0.0,0.11172219221145599,-0.717522212319321,-0.9515786708670015,0.0,-0.75498626337408,0.0507839868735915,0.9463195719679529,0.0,-0.17002128372480002,0.1510635055267797,0.040838839555570605,0.0,0.03526873019161599,-0.39954150202646826,-4.907282273858963,0.0,-0.492617201208192,0.17064937113629264,-6.055555070957224,0.0,0.05111085561832448,0.05579008326750957,-3.4915038691268396,0.0,0.02529319026086292,1.2981117004346197,-2.7505406990786128,0.0,1.1038854384905472,-0.617831158717551,-0.45531079564053367,0.0,-0.5792645129660006,-0.007508356621054949,-0.2838482621518983,0.0,0.02359306405625856,-0.5832222167189087,-0.27859390531704054,-1.8653143874639797,-0.10573461111395571,-0.18519370150274453,3.122710260105198
0.18,0.009634703482359987,0.5588163997218984,0.0,-0.04213615700652545,0.00784446961036299,-2.3652670358261085,0.0,-0.11941383549174274,0.10532317049215759,-1.016543199207843,0.0,0.0864251184422912,-0.7353415502306284,0.12602758142901704,0.0,-0.790655708674816,-0.06315566407232674,0.8751267356275809,0.0,-0.29439812074496,0.05996436910584531,0.010629669451744483,0.0,-0.0946007339616768,-0.44798071035391945,0.6334875460309313,0.0,-0.4864925282416384,0.12496061877951524,-1.9179075441369955,0.0,0.0686994111236649,0.053780239037402165,-1.5658530179089096,0.0,0.02301611005217258,1.1841440293609815,2.965171463335656,0.0,0.9664379436981094,-0.5966186482834491,-0.8867428879748211,0.0,-0.5903327105932001,0.02499475512766692,-0.1452161795480152,0.0,0.001136220811251711,0.6006321285919529,0.06036557934445283,-2.158797156353644,-0.09696087075464664,-0.19106842718850056,3.0835402787984614
0.2,-0.024145361354364035,1.521018978228844,0.0,-0.05754420740130509,-0.04719524978362657,-1.1110577328721476,0.0,-0.18528155909834856,0.10003387060848075,-0.09222097925061279,0.0,0.036572975688458235,-0.7675087697877762,0.9360910148511641,0.0,-0.7732679737349633,-0.1798731751388511,0.7489912221648201,0.0,-0.336439632148992,-0.06503708017806244,0.1319273592516963,0.0,-0.2172874347923354,-0.48103948417780756,3.137260385142173,0.0,-0.4994859536483277,0.07148918135212617,4.587098709657207,0.0,0.10127865022473298,0.03127929841374731,1.284093168980845,0.0,0.024056470010434518,1.030699335820693,6.241000724674624,0.0,0.8266469327396219,-0.5860310860928157,-1.134903321768208,0.0,-0.60188878211864,0.003807614051668154,0.12610206472321722,0.0,-0.07078082783774967,0.9471893550621537,-0.17524139792052904,-2.351784983539158,-0.0726417666619547,-0.19705720450958186,3.03843183811297
0.22,-0.0666097174547158,4.537679530771224,0.0,0.08127563851973899,-0.1080343353009682,-1.4048650217335776,0.0,-0.22731625581966972,0.06436035965168235,0.2749823555524755,0.0,-0.06262193286230835,-0.7829447656840297,2.2428106929342944,0.0,-0.6862742667469927,-0.26231258587261397,0.6889141138316286,0.0,-0.1464325824297984,-0.1893165560312161,0.16480787789333995,0.0,-0.2603161109584671,-0.5085614781173792,4.775976315738518,0.0,-0.3686868227296655,0.04006717054261971,8.162846477437839,0.0,0.01951078604494659,0.012963833774427178,2.151991585383076,0.0,-0.005570865997913099,0.8800155356251886,6.144127045777127,0.0,0.6081474745479244,-0.5849519561847136,-0.9614968244283568,0.0,-0.464716020423728,-0.06393456831481108,0.25409888644480816,0.0,-0.20735315756754993,0.7656670565145014,-0.13681327253104142,-2.647226465019604,-0.045898876260176955,-0.2050935974368883,2.9866225547050336
0.24,-0.0892958755567374,16.72026995819032,0.0,0.30127904770394776,-0.1637292840937021,0.40478549165866085,0.0,-0.22015782716393395,-0.010459011022652443,0.4523514767506329,0.0,-0.10485845857246168,-0.7825022291321125,8.598659257702057,0.0,-0.6738482133493985,-0.2266181289632529,1.4324181966561644,0.0,0.5274894275140403,-0.24392277109054275,0.04624334334699193,0.0,-0.08315000619169341,-0.5047384343269108,14.73035856413216,0.0,-0.1154721565459331,0.024750487520445508,2.0097839930494157,0.0,-0.1563374587910107,0.0038518367864322813,0.18771018537879636,0.0,-0.07243375719958263,0.666888766777625,10.739220228150199,0.0,0.6760884949095849,-0.5235090146432174,-0.9766589970113384,0.0,-0.04139121208474558,-0.18018026572356619,0.0835479621601306,0.0,-0.33551386351351004,1.0908009887384802,0.7138376405860565,-1.7197162003144637,-0.022768294705404486,-0.20313103387267592,2.942133907810503
0.26,-0.051040258944424564,29.947952533344186,0.0,0.4963009375407896,-0.23048152235186078,7.4906128590602785,0.0,-0.2078666614327868,-0.07076531108414344,0.8853505639790882,0.0,-0.14594634771449233,-0.8063193467630106,13.474918785376488,0.0,-0.8557047546698797,0.11106850665926771,0.9224019735008966,0.0,1.025713813502808,-0.10952925749956596,-0.05110192710221362,0.0,0.07695297476166132,-0.4995329618701156,35.306287836206536,0.0,0.020423120690813385,-0.02177941447480572,-6.304744195429275,0.0,-0.35683509175820216,-0.03308539563907376,-0.663350234141419,0.0,-0.17126719943991653,0.5534570122784503,18.33446939165133,0.0,0.704455698981917,-0.3160316504507211,0.139936553946578,0.0,-0.03400200241694912,-0.3006339043449444,-0.04298686222893344,0.0,-0.291679148702702,1.447231686309656,0.3021765696551433,1.6027604582541333,0.00018863101882478025,-0.18886949861897465,2.9416214870704205
0.28,0.0947392342479296,25.527676696338688,0.0,0.5109826115081578,-0.28425265426853114,12.84904905394615,0.0,-0.16610510028655737,-0.12436887923608546,2.0806286624563155,0.0,-0.14918427754289848,-0.9178350559999771,13.341812589196774,0.0,-1.044255518933976,0.5369632828375841,-0.4654002647007509,0.0,0.9831021467005616,0.03954183056763111,0.1121280153994969,0.0,0.04745397095233226,-0.41308663119248046,30.27350696602125,0.0,-0.015661071861837322,-0.12855272577083487,-10.388900183960184,0.0,-0.3105220023516404,-0.106517167303118,-0.989796974786648,0.0,-0.1872042638879833,0.5246519863533632,17.552857753893697,0.0,0.7685986277963833,-0.19092990089077164,0.713963177859247,0.0,-0.2570399924833898,-0.2826245590172981,-0.23672431244629494,0.0,-0.18340434174054038,1.594683411900791,-0.4050011195170647,6.426791489560104,0.011522648812090404,-0.18374113331726322,3.032711174764657
0.3,0.28939903898370595,5.092736619695184,0.0,0.38777008230163157,-0.3126942933793643,16.124314394144758,0.0,-0.0008646520573114616,-0.16839419830120078,5.090477141937326,0.0,-0.13263897550857967,-1.033987071932076,5.8113524050292265,0.0,-1.0124224317867951,0.7565357456401692,-0.5097871181557938,0.0,0.7229762853401123,0.03208465338800097,0.4428320819406664,0.0,0.0002426181904664499,-0.24262701351127317,2.905270627205976,0.0,-0.12730849437236746,-0.22195814409570427,-3.778254057237678,0.0,-0.18844896047032808,-0.1529473781829672,-0.8598104977666785,0.0,-0.06413630077759665,0.6210962793622673,3.900800999026954,0.0,0.7345383335592766,-0.2111449100488142,-1.6061400181071366,0.0,-0.534206014496678,-0.19686079493654654,-0.250771577945646,0.0,-0.08944279634810808,0.17442661232694912,-1.1300536493033255,8.603968558573444,-0.0023019140356545916,-0.19840751101938317,-3.08890920177008
0.32,0.43049489967140014,-16.145768581892682,0.0,0.19484952046032628,-0.27074515408104505,19.528434167026127,0.0,0.1319707335885377,-0.20822186907295048,9.29720708491989,0.0,-0.19272289910171594,-1.016913531326363,-5.195168989794391,0.0,-1.024679830357359,0.750291392513268,0.6717274138894356,0.0,0.3698606250680224,-0.020852470613177264,0.7373163515638439,0.0,-0.037359676361906714,-0.04843343619908203,-23.162234048365985,0.0,-0.2615373228744735,-0.20169663846378585,-6.4252250839413145,0.0,0.1453829039059344,-0.09874826862364852,-1.2071380320751484,0.0,0.04648368384448068,0.7408417710657282,-10.865938873050743,0.0,0.5608106587118553,-0.327907896679839,-2.235544402848044,0.0,-0.6788820828993357,-0.10744087649926885,-0.23325887394835576,0.0,0.01662834473037839,-2.3107528717772388,-0.27483375448783326,6.8034846993555504,-0.057595165637490585,-0.21195541503563353,-2.9275579964398286
0.34,0.5182687140410575,-38.42628789675689,0.0,-0.02492120790793477,-0.0985166453969499,3.408170786073917,0.0,0.08274010671770754,-0.2535881768851995,7.0803969312659785,0.0,-0.09096214782034318,-0.9435610494283274,-16.31549227291842,0.0,-0.9035523580714717,0.574409438810228,0.8093763283063993,0.0,0.13799787701360447,-0.05689660615305733,0.46706124929038884,0.0,-0.01732443127238134,0.07425828885482987,-39.43317932999489,0.0,-0.4285879765748947,-0.035428625939597114,-1.6815684790093925,0.0,0.29410686878118686,-0.02789430258066435,0.7358744184365573,0.0,0.10056590476889615,0.739447437075175,-15.63886261799695,0.0,0.648789651742371,-0.4693459306091011,-1.5746511907540945,0.0,-0.6686574485798671,-0.013159091174625041,-0.15768503636535725,0.0,0.01878341294607568,-5.685805519629373,0.4723677356937909,3.269620320963038,-0.1673152557124783,-0.20047070256948943,-2.824410260851643
0.36,0.48906807673002445,-44.31999573667956,0.0,-0.14081396158158696,0.07486242790038,-15.367012191024484,0.0,0.055935717343541504,-0.16773307998310483,-1.2163084049016177,0.0,-0.05185306956406863,-0.7661821265978707,-27.56351205742546,0.0,-0.7873213916142944,0.37016427185578016,0.2759773335249118,0.0,0.0009103434027208854,-0.027354719881487317,-0.21660350772208575,0.0,0.0014157857455237327,0.039779793021994816,-40.90997535944827,0.0,-0.5070764673149789,0.15683612186749188,-3.5554445826654515,0.0,0.19819594975623736,0.04760843307871285,-0.8173590540374978,0.0,0.05622326895377923,0.7939485033348307,-18.74118420906322,0.0,0.7156050743484742,-0.5522773018318151,-0.7556163223850838,0.0,-0.7652512737159733,0.012843822198929874,-0.13246443791686424,0.0,-0.12456202941078487,-5.188558628452457,-0.33318088126045914,-0.9505486025015846,-0.27928276965309934,-0.193876337357564,-2.807204475752556
0.38,0.33240008828755874,-30.30555577818191,0.0,-0.11505488031631739,0.17612689901172862,-17.56710122729958,0.0,0.0545430474687083,-0.0802210430469698,-3.0416251524495994,0.0,-0.060597501912813725,-0.6286746718145297,-21.574556138688802,0.0,-0.8035003103228588,0.19452519652491684,0.2664271203846642,0.0,0.02467534868054418,0.010335190942962343,-0.4700403151328335,0.0,-0.016334786850895257,-0.06845659448317487,-32.010125706763674,0.0,-0.4269084134629958,0.26932835557902707,-13.383284317870304,0.0,0.05888932595124746,0.0742010538074045,-3.162101304909479,0.0,-0.006581098209244157,0.8596594709476089,-17.699805829665372,0.0,0.5460134628696949,-0.6538934940711615,0.47277637196845923,0.0,-0.6602682707431947,-0.08826599693204122,-0.20376397151719272,0.0,-0.16249933388215698,-1.8089957739455582,-0.8815777628271595,-4.792156159985179,-0.33119404474399927,-0.2281236780733322,-2.865738888716188
0.4,0.15222196199225,-10.88471971958074,0.0,0.0012038319367365276,0.15750753230068323,-2.5942439143207707,0.0,-0.11183925450625834,-0.056906431755921916,-0.5338777738503601,0.0,-0.03178929238256274,-0.6623680593181369,-7.387422037253484,0.0,-0.9118882460645719,0.09921177413805053,1.7562076738864416,0.0,0.45327962173610886,-0.0025210324065272735,-0.09062031578151086,0.0,0.006701018629820951,-0.15783717920167922,-15.980523866578984,0.0,-0.2625205146925992,0.27525507153202333,-17.78724336461877,0.0,-0.02704255880975051,0.056142399318370374,-3.8385529012445434,0.0,-0.015634851641848833,0.7381168708270958,-5.871974220756087,0.0,0.548980636573939,-0.6562587321530571,-1.6039423966463358,0.0,-0.21180048614863894,-0.1296458771234183,-0.47973830530910344,0.0,-0.13388587477643138,1.1359063971777867,-0.21499718354703723,-6.614534985091192,-0.31009134424036394,-0.2814079315660731,-2.971147415833706
0.42,0.025008929695514416,9.145071653696203,0.0,0.1484052543873473,-0.005699835183612412,9.179538355942972,0.0,-0.12188647490125167,-0.03652914827399973,1.2717335065792446,0.0,0.006966533523487452,-0.8165310828714456,3.7638659898263374,0.0,-0.9686503692129144,0.2406829716136496,1.9066332970721174,0.0,0.5961904683472217,0.009993667115311196,0.07811738653624203,0.0,0.05110755572596419,-0.2720646668854759,11.489318311806173,0.0,-0.07683408693851983,0.1928817992535046,-11.87690001944211,0.0,-0.09602443176195012,0.03217881759846908,-1.9832567200400626,0.0,-0.09553577832836978,0.5899479480949505,7.827998447836689,0.0,0.6881714153147879,-0.44507678010405105,-3.05172797083306,0.0,-0.03894343322972778,-0.11655786812246464,-0.39131138082094824,0.0,-0.09889279895528627,3.2566584563501593,-0.3541306681906604,-6.239502916558668,-0.22650177625813808,-0.31927084762983515,-3.100007012781443
0.44,-0.06288428368249127,29.530073695360848,0.0,0.22309865087746944,-0.2104643640450384,25.650701007786196,0.0,-0.13028982298025032,-0.039063755782763485,6.214861929677133,0.0,0.022472778704697494,-0.9788292474569686,14.160660727541025,0.0,-1.051494537842583,0.38855668632328877,1.5502877261561565,0.0,0.6898430536694443,0.02903640460182744,0.531161174154438,0.0,0.08584614314519284,-0.36301844108938264,33.39979393622893,0.0,0.00474618261229604,0.08874583612070525,-8.63502192776813,0.0,-0.13692243035239002,-0.0382400561959746,-0.6740588890258143,0.0,-0.11546745966567395,0.5359629949685172,17.72387085158395,0.0,0.7667664190629576,-0.24376086078307946,-0.4541579396898534,0.0,0.09138517735405445,-0.09364834852169175,-0.14510424437890493,0.0,-0.12775319979105726,2.8310911115690245,-1.8143312182432862,-2.8799323197747606,-0.13283296673321107,-0.35487801643054195,3.091306302967964
0.46,-0.11443702360692368,37.84629686078354,0.0,0.2869652821754939,-0.3218336389605629,24.879547360905025,0.0,-0.12407285259605007,-0.046410280917775104,7.2989758064659505,0.0,0.037550571740939495,-1.1349811897631794,20.680530588308308,0.0,-1.0896925875685168,0.5192780982077938,0.7030107008216326,0.0,0.758885346733889,0.05583706016515355,0.5313731247914564,0.0,0.08052263662903857,-0.3719260805167,34.30679806388401,0.0,0.061086092522459216,-0.005343353816204511,-4.567104333257948,0.0,-0.149159198070478,-0.08223491920395054,-0.29395929840524504,0.0,-0.10083857993313479,0.5566213312499041,17.48144231774035,0.0,0.8055851958125915,-0.09134190526656234,0.6527248567617114,0.0,0.11712028347081088,-0.11964948643913866,0.013835090871205685,0.0,-0.18724298395821146,1.3920561983925985,-2.5586556355798478,1.409191227545597,-0.09072004547040437,-0.39898629414665,3.0856398007496453
0.48,-0.10686872223455089,35.656816873098975,0.0,0.3930396884350988,-0.32028651881374115,15.813813828747234,0.0,-0.11263578651921002,-0.03309064067803383,5.06691481302734,0.0,0.0261174103481879,-1.239612441490419,20.97904153321185,0.0,-1.1755605975137033,0.6274498973399093,0.26339518627637304,0.0,0.8995494693467778,0.060437529492992366,0.37058255518284566,0.0,0.07786622332580771,-0.298683167513637,26.35716859850522,0.0,0.09789177850449185,-0.08432475459349115,0.025529915327959785,0.0,-0.1737371436140956,-0.09249524000205239,-0.04931402975596988,0.0,-0.12719697198662697,0.613086464278214,13.239598515210576,0.0,0.8748495751625184,0.002131777302040023,0.3874049377980082,0.0,0.1697065926941622,-0.17549923916927165,0.05702018517974167,0.0,-0.1955509887916423,0.3502910848806604,-1.8098690497841294,4.944293251431692,-0.10823194850892062,-0.4356826352111747,-3.1176703323862665
0.5,0.02214008982218769,21.62552889806853,0.0,0.47562891368701976,-0.24724892370702836,5.656299981380835,0.0,-0.06420543730384201,-0.012542276439081753,1.4504850264768585,0.0,0.042882274069637585,-1.293300724336683,12.384564872076353,0.0,-1.1750737275027405,0.7473471381194025,0.5548504178485745,0.0,0.9392279018693556,0.06707589983096895,0.1366160219416329,0.0,0.07437114866516155,-0.19538755153503742,17.1803869128009,0.0,0.03162975570089836,-0.1267167014836039,-2.0863882521939736,0.0,-0.1379284847228191,-0.10964199041139673,-0.7753398403786833,0.0,-0.1720088503973254,0.70446537122226,8.798668275233787,0.0,0.9671270670325036,0.0792558796637831,-0.055405569675825994,0.0,0.08080359853883243,-0.18835745162386763,-0.11568583745582364,0.0,-0.17151902975832845,-0.11052867542677136,-0.2208934082917262,7.728774173470461,-0.16971854731390146,-0.4301784079130246,-2.9723587017554363
0.52,0.2380053766211007,2.293239932529648,0.0,0.5452697507374039,-0.16753350405856227,3.6228772697129994,0.0,-0.0201891514607684,0.006315448927409602,2.034911756695471,0.0,0.010481974813927515,-1.2447983980869157,-1.8857271848851758,0.0,-1.144093513500548,0.8245579188866886,1.9905340428531861,0.0,1.040249732373871,0.06530098522025547,0.19371972759989292,0.0,0.09509798973303231,-0.09501216352985069,1.6907291896271186,0.0,-0.06220322485982034,-0.11247460880361863,-6.03521636713289,0.0,-0.06803652894456381,-0.13986999173969,-2.1113019242032376,0.0,-0.2344044420794651,0.8466436187696321,0.3013149601815215,0.0,1.0456023014065008,0.0880610810474855,-0.9291956178493844,0.0,-0.09566133629223353,-0.168447207281507,-0.22417179204819618,0.0,-0.1387215259516657,-0.6001697242632136,1.133389378971551,8.77020361120529,-0.24525504825393737,-0.378461128847832,-2.799617302001387
0.54,0.4796111102075043,-15.18819753284155,0.0,0.4948907341474808,-0.10536225093756162,4.5325431786824835,0.0,0.031197721707846317,-0.013886649171504688,4.075754672692021,0.0,-0.041321205037214495,-1.1308495739609037,-12.46229206636104,0.0,-1.0036003187001097,0.9038400883534365,2.3281095066835853,0.0,0.8555425384747741,0.08031232866049727,0.24192658154056185,0.0,0.13376774194660646,-0.016015059793924077,-12.773793394546441,0.0,-0.19432498097196407,-0.03446119580788194,-11.437697005113636,0.0,0.0022739822110872405,-0.1804948975217279,-3.770268067875884,0.0,-0.24276685641589302,1.0016168807144814,-7.128784240123019,0.0,0.9570160362813,0.015401605797076296,-1.306518374625317,0.0,-0.3868804832584467,-0.13636147164863502,-0.2658142707162975,0.0,-0.16877644919033313,-1.2261144051320882,1.7466285102046168,7.570556384418968,-0.3164012358026452,-0.2969789501685891,-2.646024834205345
0.56,0.6502364169266777,-29.19522413418531,0.0,0.31419817882949613,-0.06492739953816741,6.007655801754497,0.0,0.047624488341569265,-0.06387818061971497,5.127606305186161,0.0,-0.0610262890074429,-0.9677631893719286,-17.457474398758354,0.0,-0.849652143740022,0.8681796081856171,2.184667659598186,0.0,0.3615459316949548,0.11337500904412721,0.27029813249098533,0.0,0.1163630763893213,0.05690732806799639,-29.555419127024003,0.0,-0.3391091241943929,0.040437697915719856,-9.838468564406355,0.0,0.11968366844221746,-0.2001998859969605,-3.2308428503472424,0.0,-0.1813833632831786,1.067964134352078,-14.214869766667281,0.0,0.83168050325626,-0.14917814711711647,-1.3819591539998033,0.0,-0.6786384886516894,-0.15696432429431376,-0.15545239621281406,0.0,-0.2248952978380666,-1.5353798439397606,1.9597784140227348,4.042127000414598,-0.3675933070411296,-0.22400013611682917,-2.5478690838971287
0.58,0.7065866017070052,-41.311361943244236,0.0,0.1336030437658992,-0.014784612243006664,-0.4621077759863583,0.0,0.04254570566831386,-0.08354449064200495,1.9719149099868243,0.0,-0.05529364180148859,-0.7757606187159451,-22.197020710096005,0.0,-0.8786727167480044,0.6247989180591818,1.5723893304269598,0.0,-0.10410831766100906,0.10818537462581387,0.1849747140513638,0.0,0.060099959277864254,0.0709348655852075,-38.15400854392215,0.0,-0.40626288083887857,0.07617042341585947,1.0766581620084965,0.0,0.14640203768844348,-0.18730077812949034,-0.5516779997631805,0.0,-0.07996468065663571,1.038668216297666,-16.145982259981018,0.0,0.794220444651252,-0.3746296571595358,-1.144224346898545,0.0,-0.7664211457303379,-0.21109985738153,-0.024076311473052003,0.0,-0.19958491556761332,-2.0230160091827356,1.804471007652448,-0.02120890126449293,-0.4038301127197506,-0.17528710852331517,-2.5245818363424304
0.6,0.6607469947212602,-43.40434831282862,0.0,0.08185006475317984,0.0632827282354183,-10.217749131670557,0.0,-0.03238756286633723,-0.06732311161223666,-0.554926216071769,0.0,-0.08354819236029772,-0.6817984079501281,-23.549923199713337,0.0,-0.9425079833496008,0.28443943668173277,-0.027716924218768924,0.0,-0.1878153835322018,0.06877719593742453,-0.021230986618693437,0.0,0.0061881198555728475,0.010207325214805697,-33.982601689556375,0.0,-0.35623871216777575,0.0811896986628691,5.888458120564875,0.0,0.07880324753768869,-0.12297655226347672,-0.2210391068566384,0.0,-0.0036817121313271386,0.9744851139849547,-12.33416016942401,0.0,0.7457418569302504,-0.549370308897022,-1.029271216107146,0.0,-0.5865954931460676,-0.19927310257134423,-0.10284236002511053,0.0,-0.11154762311352266,-1.6080615351528338,-0.1874391319312958,-3.724645158266476,-0.43191230565671535,-0.17566619370304853,-2.564942427203577
0.62,0.4985356142036088,-22.74567176422921,0.0,0.23107474095063596,0.11156581048798844,-15.562732019833629,0.0,-0.17765061657326747,-0.06389444031212654,-1.7651534388176626,0.0,-0.09746890247205954,-0.7189048777120273,-15.148171620687084,0.0,-0.9413979086699202,0.055599067578218545,1.0867646811914433,0.0,0.02551557129355965,0.025242972533294362,-0.12321529359991895,0.0,-0.03108290402888543,-0.06035897582142902,-21.943768658890047,0.0,-0.18794553443355513,0.056033048072075,4.988276775277073,0.0,0.0015001615075377357,-0.044592094530808216,-0.4000529438796381,0.0,-0.03564193442626543,0.8909297575984907,-7.6604186653731885,0.0,0.6743021473860501,-0.5609783832632745,-1.5712202019989168,0.0,-0.2476081066292135,-0.12416747395612007,-0.13630444650005025,0.0,-0.01747722062270453,0.004348274970665811,-2.235192191602578,-6.217808566492429,-0.4305006359198993,-0.24608759401493985,-2.6426381497068285
0.64,0.30589843384799875,8.602860088989546,0.0,0.43979755619012717,0.04173888384948803,-9.971463437273473,0.0,-0.2365208033146535,-0.05967218050212845,-2.545739415681104,0.0,-0.0538787644944119,-0.8428000238127292,2.123763621247022,0.0,-0.858090797733984,0.009734156136942566,3.034575240930791,0.0,0.4342494102587119,-0.008214701086316294,-0.20415568932176947,0.0,-0.04937681280577708,-0.12423550173573117,1.2684738823419677,0.0,0.020473149113288985,0.019427833547809213,2.2085976006424493,0.0,-0.038174679698492454,-0.0299154310685617,-0.3370648759113511,0.0,-0.12716001888525308,0.764379322006388,2.101067808658751,0.0,0.78695303747721,-0.40977989305558515,-2.102525824764328,0.0,0.030709194674157322,-0.03290703789471169,-0.1313084315079287,0.0,-0.04638058012454091,1.5580984302163752,-1.644485042701102,-6.23185605126287,-0.38555486638285047,-0.3372017292354399,-2.74230473384718
0.66,0.18350416524971075,33.18977316662362,0.0,0.5949214872380254,-0.13364575920874272,7.482166886258929,0.0,-0.1565300806629307,-0.04856876533081292,0.4233654022593154,0.0,-0.12210757689888238,-0.9459735855194662,15.918639883602644,0.0,-0.8965409915467968,0.17487852548948876,2.567415303421374,0.0,0.6177491140517424,-0.03642384752252188,0.011492279175879139,0.0,-0.06851285856115542,-0.21162715047096753,30.25440215269965,0.0,0.1023316058226578,-0.004922916239985813,-1.1145090277269727,0.0,-0.0733958719396985,-0.08715804934169777,0.3248357325976876,0.0,-0.2031668517770506,0.6917648075576361,14.640518802357292,0.0,0.8453607274954421,-0.1999076477491123,-0.25927917985170623,0.0,-0.08190619306516854,-0.04334939544877901,0.07292166699353994,0.0,-0.09247684402490819,1.8445580561717414,-0.5977303106003327,-3.8363001667698664,-0.3163247266698628,-0.392076390633467,-2.838002881230759
0.68,0.18797371673459987,37.08654168364077,0.0,0.6537585694476051,-0.2692378193203927,21.967788906323253,0.0,-0.03814515213258614,-0.12181965707874,5.942927492997438,0.0,-0.20251273137977646,-1.038163530168626,20.053030064088944,0.0,-0.8721117743093594,0.3640852882891626,1.3364723186455372,0.0,0.5833773588103485,-0.07449989228814519,0.5004978949634039,0.0,-0.041812971712231084,-0.2599349466125831,37.637894301793736,0.0,0.030101185164531554,-0.0037353156281241715,-7.309474302055167,0.0,0.028559265612060306,-0.15774775208679712,0.057819175787956034,0.0,-0.21165972235541014,0.6702687160882254,18.547687603640828,0.0,0.9129339694990886,-0.1533962174630925,1.7611015450337546,0.0,-0.5259987986130338,-0.08425905931640475,0.089199762535004,0.0,-0.20173560080498165,0.7951386863135869,0.13156314083149873,-0.24398123068117883,-0.2757724009961318,-0.40290302764573943,-2.879413206294475
0.7000000000000001,0.27212600001711307,28.502084650135345,0.0,0.395030145889521,-0.3055085733311598,26.526229203214665,0.0,0.051089425573482776,-0.2221825777554468,8.02384044601605,0.0,-0.22621874627595528,-1.0576736356886491,16.595457595552837,0.0,-0.8665028108618719,0.4612703301176829,0.9569626833787277,0.0,0.22872735176206965,-0.06935292546424282,0.6125371651055866,0.0,-0.017285170342446213,-0.26865537864452244,28.15964729840049,0.0,-0.2195494509670937,0.035348160482563847,-6.327795883614204,0.0,0.13061657312241207,-0.19722802800112252,0.25395647582121805,0.0,-0.06286818447108201,0.7319818231247213,12.606288311946177,0.0,1.0181179858998177,-0.3267026819288587,1.8423135330060383,0.0,-0.8013440477226068,-0.18784193225765383,0.257087567481332,0.0,-0.23068708016099632,-1.1506022901742956,0.9028476495895159,2.2734006044236965,-0.2855991409989962,-0.38308979098931845,-2.862976368438413
0.72,0.3351430723302463,3.7245064839016937,0.0,0.09980510917790418,-0.23997742132756222,18.22928289966408,0.0,0.06488554111469655,-0.2767585006087678,6.489981181232861,0.0,-0.09506799725519105,-0.9906233509060286,7.409785370254745,0.0,-1.0011992341723746,0.36768467216080986,-1.671093518791376,0.0,-0.1677017776475861,-0.002284424169750787,-1.1184768628467818,0.0,0.05772854993151077,-0.2762722278481509,5.7653746536330015,0.0,-0.5034597621934187,0.08946059337411785,-0.3008594692386799,0.0,0.23618138662448243,-0.09107704923958382,-6.66228619941344,0.0,0.056923171105783606,0.8686206706395884,4.757701328081508,0.0,1.0923992131799636,-0.5336749522426906,-1.299561659091422,0.0,-0.7972705775445215,-0.31385446347575613,3.7581100457747607,0.0,-0.18287407203219927,-2.513034482093805,-0.023327925335198868,1.8857035544293113,-0.33771426356479795,-0.3596822722695101,-2.82023898172092
0.74,0.3324413214990453,-19.660019573219497,0.0,-0.09454859416441917,-0.10289043661114422,1.074994006536805,0.0,0.05973899622293931,-0.1975260142868194,1.5376070785236404,0.0,-0.009033623451038204,-0.9351647620233442,-11.250618216194763,0.0,-0.992072038834475,0.12178407168171416,0.2944872732622983,0.0,-0.26216895552951724,0.0319519925321774,0.12358612327985008,0.0,0.09531744598630215,-0.3122458413275391,-17.04764495631331,0.0,-0.6363814164386837,0.16145445349953202,-2.2812323283186,0.0,0.2050777013248965,3.241616742223402e-05,-1.5082361685956434,0.0,0.10779537022115672,1.0473712306033298,-9.798483544594943,0.0,1.1111021546359927,-0.654524725068167,-0.06525970000964953,0.0,-0.7275595395089043,-0.20956304291371255,-0.13761200601775625,0.0,-0.10396487840643986,-4.139570604752528,-1.2387011571322322,0.947880306540874,-0.4156220368654965,-0.3588857856309593,-2.787245129439655
0.76,0.24101681203955358,-23.128411005982457,0.0,-0.16285234283288383,0.04055024220366161,-10.93817837840539,0.0,0.04733558324458786,-0.0745570266991333,-3.2962318309986784,0.0,0.02319356330979236,-0.8664967359281717,-16.54406375116168,0.0,-0.887077511766895,-0.05569253856891057,-0.44070633674835946,0.0,-0.24597051110590343,0.08615899775701834,-0.30367636500643647,0.0,0.03719974519726042,-0.349540837677243,-24.042212317331963,0.0,-0.6488866272877367,0.2402579595550633,-9.972101254187208,0.0,0.1284070122649793,0.08678249555917426,-4.209083715173867,0.0,0.10550109004423135,1.1760421923276363,-15.221536458854153,0.0,0.9719103989271985,-0.6885894210898094,0.008262286060789492,0.0,-0.6957742759017809,-0.11525222725658787,-0.3624369080382648,0.0,-0.11513087168128797,-3.4681960948783024,-1.805488345159721,-0.9785474124808082,-0.49763089867316246,-0.39025185548789443,-2.7713826666276167
0.78,0.09319844705403248,-12.94411047040626,0.0,-0.18172328456657677,0.12564038962950744,-12.300049493093459,0.0,-0.07804388335108244,0.013075524913553889,-4.413585124736657,0.0,-0.01929331133804153,-0.8065936548000412,-10.478650804988707,0.0,-0.774506910353379,-0.14664005328600882,-0.07938126274476698,0.0,-0.26624390222118066,0.05849174503702886,-0.3653727713462822,0.0,-0.06899949096054793,-0.39251231346300897,-18.665716253584534,0.0,-0.6116225014575474,0.2614899118470142,-12.214151457332726,0.0,-0.007082869547004149,0.1315651019821779,-4.836309119955198,0.0,0.05165473000884627,1.1488088374626149,-11.127577501893853,0.0,0.7496195197854396,-0.6947113207219497,-0.5177558469355024,0.0,-0.6857081911803562,-0.10192650230797022,-0.36911584244211104,0.0,-0.1879996863362576,-1.4310891394743566,-0.771376652531123,-2.767751390817092,-0.5388617596016734,-0.43811329898046686,-2.7902403521656813
0.8,-0.04751745008869411,-3.3185587549356104,0.0,-0.0023312969133153436,0.09035202724458828,-7.815800952802174,0.0,-0.30632721667021645,0.026105196395323542,-3.2373647452184877,0.0,-0.1277751822676083,-0.7558824455482503,-4.200968912284651,0.0,-0.7293875980706759,-0.21125761494709724,0.5257252838063766,0.0,0.0655249555557639,-0.02924629930435508,-0.24671079252963557,0.0,-0.13466944219210958,-0.45301021887111015,-6.824266742275427,0.0,-0.30379811629150943,0.1899610826832751,-8.91369073728567,0.0,-0.09601736590940083,0.11832320661708769,-3.7467585662360845,0.0,-0.05792156599823075,0.9496624499413613,0.40753996253577895,0.0,0.4586661439570879,-0.6821634508488383,-2.431645748450961,0.0,-0.1330097902360712,-0.15571038031136944,-0.33050879942589845,0.0,-0.23374698526725152,1.9680375657068208,0.872327076049302,-4.149423559757912,-0.5008711673741328,-0.47738924854713105,-2.857635967083333
0.8200000000000001,-0.1257026213494443,16.738195263207523,0.0,0.3009440766173369,-0.061579137832669176,-5.139174443739265,0.0,-0.2011801553340433,-0.03699648780164708,-2.2548930513667784,0.0,-0.04929939645352166,-0.7691027732191965,6.037878862423266,0.0,-0.8593969276141351,-0.10055392695160241,1.4902379210253507,0.0,0.7836892791111528,-0.09729311327223204,-0.206104822403673,0.0,0.05339426356157809,-0.4744163556390361,20.392770352670812,0.0,-0.03823778325830187,0.04960924106236128,2.629869842762373,0.0,-0.1654639131818802,0.02568349608259277,0.4624894114882796,0.0,-0.10966494519964615,0.5809216475640537,17.250449646606455,0.0,0.7650955087914176,-0.4254095279306471,-4.510748618787497,0.0,0.06731892995278577,-0.20587646985257285,-0.24482238781058252,0.0,-0.2651321570534503,4.7857232313327005,0.8631585187325326,-3.212474486205015,-0.3962474547677985,-0.4969903693427203,-2.9408460265396834
0.84,-0.10088080643528266,39.05269923563098,0.0,0.3647815033234674,-0.2334695969557093,14.96108005489343,0.0,-0.13748758306680864,-0.06235683286102042,3.3308796061060737,0.0,-0.06764329529070434,-0.9288204870308941,20.018890219815166,0.0,-0.8824559935228271,0.3058799488524431,-0.1188659085817072,0.0,0.9246055518222306,0.01794682709733371,0.2324027106920349,0.0,0.09152838071231562,-0.5329566372651431,48.50219632348775,0.0,0.0017984753483396279,-0.12126892949500646,10.43228067464404,0.0,-0.23093254263637605,-0.06703252402433026,1.999178778165688,0.0,-0.10188192503992924,0.509582232936656,25.73065492880113,0.0,0.7753163897582835,-0.19244847408658955,0.8597149405613376,0.0,-0.07042675800944286,-0.2604578797457085,0.3895799219334709,0.0,-0.21220369541069006,2.9049688720826294,-1.3308375622106956,1.9072341648897795,-0.31242634507380956,-0.49420213182242595,-2.950631834917666
0.86,-0.06715811530150287,37.866438428687154,0.0,0.33132532466469344,-0.27356580961955296,12.956607536299419,0.0,-0.05056649261336173,-0.08972561589058878,3.4105462250722054,0.0,-0.08477066705814087,-1.0398868907544578,22.148642471911984,0.0,-0.9361543107045655,0.6066815448111549,-1.076965167646673,0.0,0.8340863503644462,0.06570353701152291,0.2717355050006524,0.0,0.06755346814246313,-0.4343781968797953,29.557455631061067,0.0,0.013300847069667927,-0.24276911430813286,9.56964976010209,0.0,-0.19007368452727522,-0.09542097832401382,1.0745702138041469,0.0,-0.007205777007985841,0.551668435733958,15.920320873139925,0.0,0.7908745419516566,-0.13850379321155898,0.287396604364091,0.0,-0.2603475436018886,-0.22993319088368278,0.21314157801133243,0.0,-0.186315227082138,0.3211859825805625,-1.8137387406019636,6.145547965808065,-0.33534111125733396,-0.5018018314422527,-2.843142333024796
0.88,0.03272872428044635,17.677139942927806,0.0,0.2756345529329387,-0.20372684578595399,6.513010550613277,0.0,0.05830242947732765,-0.10672042531146496,2.2387397673098812,0.0,-0.061299557411628174,-1.0668307392895022,11.17101450198541,0.0,-0.970483102140913,0.723690882224151,0.09364099863235431,0.0,0.6924895980728893,0.057136645956786504,0.21359056842956903,0.0,-0.02411543437150738,-0.24644642928604824,7.490207750742815,0.0,-0.05107391858606642,-0.265123027357134,4.219846479148028,0.0,-0.10055574490545503,-0.044569617170197286,-0.22150489077075397,0.0,0.015178708598402833,0.6471985840481407,4.359475871009266,0.0,0.7048698603903314,-0.18670144631545274,-1.1590084205708213,0.0,-0.3540013007203777,-0.19947895975625504,-0.017279118161396323,0.0,-0.07103952541642758,-1.8003985164795822,-0.5969163941821023,8.587769343923247,-0.43591106504450944,-0.46918596142471153,-2.6702803046764974
0.9,0.19371503488722752,-8.152998322842336,0.0,0.22079867858658775,-0.08948217799412969,4.344744723616504,0.0,0.07747957653546554,-0.10034017657309444,2.631470673121133,0.0,-0.07221087116232563,-1.0107411478871144,-4.358599617352583,0.0,-1.0425671724281826,0.7022037583595351,1.7362318398020078,0.0,0.5539483164145779,-0.01960689534181984,0.2711516874560929,0.0,0.05194447216569853,-0.07079020612511855,-11.133762015095455,0.0,-0.16217591571721332,-0.157743732047644,-7.943290744042194,0.0,0.10599696061890901,-0.006314773712323873,-1.3178593289903282,0.0,-0.027836144280319434,0.7076187925416414,-4.922843339591686,0.0,0.6144101712780663,-0.24863355341627638,-1.391680617370171,0.0,-0.5232351481440756,-0.0923960695456297,-0.3079136817870103,0.0,-0.013557531796085511,-3.108501687498813,1.1135129241848074,8.432881633865353,-0.5590313834147207,-0.3794357534842919,-2.505200305058022
0.92,0.367150585969811,-28.603988725814872,0.0,0.08361699971731754,0.013900217178612027,-1.844980357846647,0.0,0.04628643530709311,-0.0958112892484451,1.5527639111880012,0.0,-0.03191555823246513,-0.9511686018161369,-14.72859130529409,0.0,-0.9546038744856367,0.6226503632667881,0.8972963018897193,0.0,0.2883177752829156,0.035817019197936464,-0.03531630376307082,0.0,0.06812155043313971,0.021517944852058046,-23.95058468894048,0.0,-0.2641501191434427,0.025811164261254356,-9.19821871122995,0.0,0.1495094081237818,-0.022538182730624884,-0.6297372913099808,0.0,-0.054670300856063885,0.7158698430784676,-9.67075278794266,0.0,0.6309472182556133,-0.36427555271282214,-0.6742378979889105,0.0,-0.531143141628815,-0.025862219323503823,-0.2783696533837279,0.0,-0.034791722359217105,-3.5830159319743,1.3705399405402103,5.897529514435858,-0.6660369318484406,-0.27221553829414047,-2.39824476225727
0.9400000000000001,0.41576386992356695,-33.36783399986211,0.0,0.0402875359434635,0.051487145513925435,-2.5834599828714158,0.0,0.01171403106141862,-0.06351882557546452,0.2315675436319382,0.0,-0.037443959646493025,-0.8399684282284615,-19.5273819131665,0.0,-0.9246371988971274,0.46672510489966856,0.2944563329098244,0.0,0.2521179950565831,0.06288280636243242,-0.048474790632692055,0.0,0.06673483008662795,0.03566524422581139,-29.539179892011237,0.0,-0.2673368158286885,0.16373739444115173,-11.601664328683114,0.0,0.05695342562475635,-0.0337356398383373,-1.9244556467131866,0.0,-0.06915090817121278,0.7439277684258836,-13.621127945416841,0.0,0.5693616436511226,-0.43844469279775733,-0.3826860126375591,0.0,-0.475404412325763,-0.02343538927356751,-0.3118284781088218,0.0,-0.02885178447184342,-2.0364640152307687,0.09734431893677231,2.0382333720996435,-0.730205819177559,-0.21482737553751935,-2.3479588212478655
0.96,0.3618903481593302,-25.24432706976792,0.0,0.09059587518869269,0.04244468815154859,-0.4383798452401053,0.0,-0.06519662578771628,-0.0470419063122236,0.3775720435442479,0.0,-0.003809903929298603,-0.789882542128803,-14.411757913811776,0.0,-0.9274606717794254,0.36409668918220384,0.02274822137196164,0.0,0.47563661501131665,0.0686931741266022,-0.023992250640095823,0.0,0.06941095001732558,0.027965038116093396,-26.685249731556286,0.0,-0.2014962911657377,0.20653692204031374,-15.15687052878849,0.0,-0.017017394875048733,-0.03407193777764554,-2.978004301217864,0.0,-0.07542122163424256,0.7200207688469124,-12.089025869070227,0.0,0.5797604487302245,-0.45565140377343605,-0.4018560689207318,0.0,-0.2607710184651526,-0.011446804501922068,-0.42635704640387767,0.0,-0.048787756894368685,-0.1342766077800448,-0.40846839253927425,-1.087629990602317,-0.7514548513584086,-0.21597459975686822,-2.33673046034881
0.98,0.27486609149929014,-9.811017032870554,0.0,0.20714968703773856,-0.022989168889175383,3.82464988246915,0.0,-0.06393452515754325,-0.01964988187358477,0.6730721805416748,0.0,0.04874430721414028,-0.8238941779992242,-5.520075040759711,0.0,-0.9761489663558851,0.4105708825476378,0.1079281164898247,0.0,0.5354542190022633,0.07102471391748287,0.03896721622958142,0.0,0.07149911000346512,-0.021562239987542225,-11.781593818603977,0.0,-0.09116939423314754,0.16143236143456374,-10.810273800171593,0.0,-0.03954994297500975,-0.04151188619984237,-1.95205930653524,0.0,-0.0742280363268485,0.6752899051084348,-5.091490280476111,0.0,0.705843041746045,-0.3600731073355284,-1.3285020778999845,0.0,-0.06514181169303052,-0.028613180813964845,-0.2637329559956963,0.0,-0.040191183378873736,1.2928225449330546,-0.2386011562736774,-2.9222723613143593,-0.7325296274295006,-0.2502285765001125,-2.362784514502127
1.0,0.20773239039409067,7.038884525867381,0.0,0.2934250494075477,-0.11369495415225558,12.84016354158917,0.0,-0.07071932103150864,0.007486348820148808,3.024836174065419,0.0,0.08356598144282805,-0.9245754567190964,3.739984329946708,0.0,-1.0028969372711771,0.46449416802855137,0.34655717590091895,0.0,0.5692830838004527,0.06289509528178573,0.30981572093793414,0.0,0.06920160600069303,-0.1082112299501412,8.575288827388874,0.0,-0.022132390846629504,0.08249238656630484,-4.765371985935257,0.0,-0.04057075659500195,-0.05498860937110174,-0.604063142572637,0.0,-0.0867983112653697,0.6676521781163486,4.530626104537608,0.0,0.778915928349209,-0.21263678811255168,-1.0821612761633688,0.0,0.042462381661393905,-0.03375297567624027,-0.05523231061602346,0.0,-0.06898492467577474,1.169804677263023,-0.5627012635038368,-2.7708977407065474,-0.6958677822492781,-0.29144397280975026,-2.4056168907774214
1.02,0.15302216567073776,18.922134261912372,0.0,0.36233670588150957,-0.17260582113459344,13.463347374534003,0.0,-0.09079287220630174,0.03163913257670379,3.5888027946063135,0.0,0.0670470682885656,-1.0255380539252428,10.069123843212118,0.0,-1.0576301474542353,0.5086769808990962,0.38303709135259867,0.0,0.6758885927600905,0.05593361449271644,0.3447438334209341,0.0,0.0646536092001386,-0.16917061813349044,18.348254414811695,0.0,0.018127473830674104,0.023690194929353606,-1.877105712273532,0.0,-0.05005768731900039,-0.0730795563633369,-0.06491475693827753,0.0,-0.08497966225307393,0.6793266786586795,8.865096673538812,0.0,0.8142827856698418,-0.09001867431690565,0.004966987805589795,0.0,0.04418078833227878,-0.06300842386273545,0.056316179390354576,0.0,-0.13147876093515495,0.2545566937678683,-0.794366512148649,-1.0957019464732938,-0.6756375903417385,-0.32516456176257386,-2.428673607565452
1.04,0.1409608930100622,21.892610233652782,0.0,0.4658977331763019,-0.17458977709382378,6.969400667135847,0.0,-0.11975890244126036,0.03896343673302233,2.0567885538736257,0.0,0.01772788565771312,-1.116240486925809,12.31861416911429,0.0,-1.087414813490847,0.5820683381639851,0.1134457593785676,0.0,0.8417757025520182,0.05553355038098091,0.1810030471720768,0.0,0.061282777840027725,-0.18826643766193532,20.342691395966018,0.0,0.04607231076613482,-0.011211140341822334,-0.9283183713261152,0.0,-0.047154545463800074,-0.07888839287460478,-0.10984494838656411,0.0,-0.1200639244506148,0.699784227205737,9.61688928336972,0.0,0.8628444291339683,-0.0328976829995335,0.8993821238073609,0.0,0.03237881366645576,-0.11980527527983192,0.07357482023582418,0.0,-0.17647934418703098,-0.31603263596468034,-0.49403669796562233,1.127723100771918,-0.6815262654529254,-0.3318326635653364,-2.419568992994088
1.06,0.19489666027683036,19.96983634638405,0.0,0.5025808026352604,-0.14432780168790885,-0.24062558613611262,0.0,-0.13147378048825206,0.027120910695492034,-0.23739937852252802,0.0,-0.006232486868457378,-1.1730862946171778,11.154352811667884,0.0,-1.0641161866981694,0.7008010293832168,-0.19364647487983078,0.0,0.8594653565104037,0.05973144312636321,-0.008906202184406069,0.0,0.05202165956800554,-0.1788337364864783,19.439568134912392,0.0,0.007947206153226962,-0.03421935165448078,1.198209248796838,0.0,-0.048870269092760016,-0.10502464319585796,0.4417048407966011,0.0,-0.15829785689012296,0.7404806711728499,8.842676374061892,0.0,0.8999711498267937,-0.013066414996451064,1.1474073293247926,0.0,-0.08415689326670886,-0.16762214207473233,0.11074655363415614,0.0,-0.18473404483740619,-0.21316667811856294,0.2403606157243443,3.2268162466782107,-0.6991038349788296,-0.301805267836341,-2.385285147275605
1.08,0.2960989566639648,9.903238781711845,0.0,0.5155209685270521,-0.12578109400029125,-1.4799940230253692,0.0,-0.13208116409765042,0.010081717889171078,-0.2534873067694645,0.0,-0.047549921373691476,-1.1516453899235788,4.180822824691366,0.0,-0.9742900293396338,0.7753188399121,0.3471579776177376,0.0,0.7189532393020808,0.05415127685008535,0.009477954432704438,0.0,0.019696291913601106,-0.14202228391044683,9.867700510562504,0.0,-0.02149781476935461,-0.05651340661985876,2.630377870436781,0.0,-0.045635821818552004,-0.14182610684509103,0.809266423358515,0.0,-0.1958516673780246,0.8049908968701633,4.072107291340719,0.0,0.8279233099653588,-0.05301799849516665,0.5962757072279943,0.0,-0.1500297466533418,-0.1840976939955903,0.11657013452268383,0.0,-0.17460962496748125,0.06872580598316635,0.7655844291340745,4.577005948966333,-0.7125070511883621,-0.241277372133942,-2.332955188410151
1.1,0.40815846161546476,-0.684554440950139,0.0,0.5083002417054104,-0.1227766310046953,-0.3364909421916398,0.0,-0.13799590481953009,-0.028002728931270784,1.268574842084536,0.0,-0.0811361202747383,-1.0509246377564359,-2.7276213401868628,0.0,-0.8911441178679269,0.7427917190832352,1.4741346033474794,0.0,0.5387583038604161,0.024996985360307693,0.10448182310038415,0.0,-0.03511248561727978,-0.06698244827928633,-2.2391537133837316,0.0,-0.044924346953870924,-0.06518147214151364,1.929715766177671,0.0,-0.012851180363710399,-0.17979872401248587,0.8019769273539499,0.0,-0.19931786947560493,0.82385545956777,-0.7146619252227631,0.0,0.7955838539930719,-0.09751468479666121,-0.21242619432067267,0.0,-0.17780632533066837,-0.17882562230380517,0.07955798780498345,0.0,-0.15858522099349623,-0.032679526901917944,1.3824734863361192,4.966488882202939,-0.7221871177742608,-0.1628496517920419,-2.2730144071199114
1.12,0.515374329928223,-10.476550112436643,0.0,0.4816255923410821,-0.13273232853379507,0.7158755811612414,0.0,-0.15742569296390602,-0.06940852052373798,1.716881206605426,0.0,-0.11489064005494766,-0.9230019404935299,-7.57448785197908,0.0,-0.8542461595735854,0.6361162619531352,1.460348730204374,0.0,0.3588206607720832,-0.026817031578049436,0.1408787763110959,0.0,-0.08216767312345596,-0.0033750081586729425,-9.193067669408189,0.0,-0.06934383739077418,-0.050855086418406394,1.2544819208591855,0.0,0.03197301192725792,-0.19765974720578075,0.543249883285003,0.0,-0.182289733895121,0.8273621276962224,-3.554689058421543,0.0,0.8109366267986143,-0.12946094639486327,-0.662267756825758,0.0,-0.2332839610661337,-0.1646867729411114,0.02987607949293658,0.0,-0.11640181219869924,-0.5419314819549809,1.5783211434488553,4.419928563290546,-0.7324913516791799,-0.07760854503581746,-2.222443693854273
1.1400000000000001,0.5952550101203837,-17.203240317449122,0.0,0.45345367846821644,-0.14398088486549052,-0.35177875549235327,0.0,-0.1241698105927812,-0.10461576258558926,1.2198599124211507,0.0,-0.14919044001098955,-0.8263556905875159,-9.651352602994216,0.0,-0.8454161039147171,0.499718839976125,0.533578634066922,0.0,0.21451449215441665,-0.07391649001945594,0.0967551639199356,0.0,-0.08800516662469118,0.03332644085341976,-13.272192176826339,0.0,-0.12683643947815484,-0.015978834275830293,0.7280370881062526,0.0,0.10491169038545159,-0.19192689993715537,-0.015015789997408602,0.0,-0.1510144747790242,0.8468441101646734,-5.4413006147785525,0.0,0.9263787893597228,-0.1706583670835643,-0.7742063531061967,0.0,-0.4155328482132267,-0.1260664153038263,-0.050899691544508574,0.0,-0.08725085843973984,-0.9356106863731066,0.9531330336734976,3.278088867477532,-0.7479911069359564,-0.006414581329406971,-2.183702510141241
1.16,0.6349081250989531,-19.23298458660673,0.0,0.3468284476936433,-0.13736375508257742,-0.055958657500963405,0.0,-0.015738490118556235,-0.14193091029676416,1.2742044351887754,0.0,-0.1740399280021979,-0.7783921268839302,-9.619783268984813,0.0,-0.8625528207829434,0.3677849904448983,-0.3117194073991447,0.0,0.04058071443088332,-0.08941181583832863,0.10156393144387274,0.0,-0.00893787332493823,0.02378967363573966,-14.525289288658362,0.0,-0.301572119895631,0.03698454936403071,0.9923448158132508,0.0,0.19861665807709034,-0.17095858939424077,-0.2346064997606092,0.0,-0.062267910955804834,0.9318415385020535,-7.507773316540732,0.0,1.2374989418719446,-0.27792223897879087,-0.43485516497746524,0.0,-0.8288769216426454,-0.09568974228526379,-0.03445268206510854,0.0,-0.16966851568794797,-1.4410595141785407,0.15684971212664267,1.795237051229022,-0.7705284077941841,0.03699842742023123,-2.1601302512577902
1.18,0.6234650702889555,-22.448567628299738,0.0,0.06239844153872864,-0.09172950677373803,1.5858031834107056,0.0,0.04032378997628876,-0.18034900825320577,1.9720157274838872,0.0,-0.08114914560043957,-0.758752723399795,-11.181434951736357,0.0,-0.9277937321565887,0.22435514099413034,-0.8983975664557775,0.0,-0.18208672111382335,-0.03244232820146465,0.13238102728799256,0.0,0.06540556133501235,-0.0727215363831936,-15.470110146729457,0.0,-0.5434032879791263,0.10635407250705815,1.330453573809251,0.0,0.20182195561541805,-0.11231149759691197,-0.33157067595204825,0.0,0.040745193808839036,1.160960476448254,-11.40897785457921,0.0,1.3051432763743889,-0.5117207045231289,0.6339749926952116,0.0,-0.923180320328529,-0.16052905426787645,0.13844735191940566,0.0,-0.1514868151375896,-2.0885171501445474,-0.7685063621586252,-0.4194364247362302,-0.8030122844276671,0.043760902602502094,-2.160221246942781
1.2,0.5066927195271382,-29.211349061237087,0.0,-0.08047851169225428,-0.021800534856196575,-2.0158448934304127,0.0,0.04784080599525776,-0.13469233545208387,0.9121741967574177,0.0,0.00040913887991209097,-0.7483758869172829,-16.911993338742818,0.0,-0.9215411224313177,0.04612655761901527,-0.6314414581297267,0.0,-0.22808800822276465,0.039346400151427444,0.04097468739789101,0.0,0.06767932826700247,-0.17306204463937372,-27.537302803073246,0.0,-0.6095562415958252,0.17381631704720746,-4.307510754245634,0.0,0.14781989512308358,-0.011771994932969643,-3.1219663802717132,0.0,0.09344109476176782,1.3436300005963517,-16.297190115088082,0.0,1.238042847274878,-0.7016210862792361,0.05762105006947138,0.0,-0.7874175680657058,-0.15229934947207963,-0.1361902546877322,0.0,-0.06925610702751792,-2.46056726228976,-2.2070285843491924,-2.982349621197899,-0.8469914391724368,-0.0019859255170386783,-2.161915565246727
1.22,0.2910145910641591,-15.662358031186926,0.0,-0.10160663033845085,0.041746889808708394,-4.068791021995042,0.0,0.01691382519905155,-0.05128629039583646,-0.6989527099721213,0.0,0.014838715775982421,-0.7596526816838547,-12.38701003678959,0.0,-0.8409191844862636,-0.08656989850272236,0.9808783294218886,0.0,-0.26369016964455294,0.06144243951757457,-0.058356530132585044,0.0,0.03605552965340049,-0.27331034885506494,-22.471526698470605,0.0,-0.5946579443191651,0.22420506636581558,-11.757336367116748,0.0,0.11715739502461672,0.0839702065372343,-6.405743741923209,0.0,0.09144973895235357,1.3761721782338734,-11.827434279475488,0.0,1.1095959294549755,-0.7393376918508306,-1.295875404970992,0.0,-0.7150805936131412,-0.07396665658077636,-0.4846064605537215,0.0,-0.05653986140550358,-2.019944112627403,-2.456025583301661,-5.11289333316425,-0.8918299885816982,-0.09873609446359324,-2.1729047868688243
1.24,0.061597022168411814,2.4524690348574616,0.0,-0.11911711006769016,0.03957449325533856,1.5084212792707428,0.0,-0.0660300589601897,-0.004106809407172133,-0.4113345013900296,0.0,-0.029414432844803523,-0.7825662014517513,-1.9247927651174592,0.0,-0.7911486208972528,-0.19112020487507744,2.2288396136451176,0.0,-0.30957703392891056,0.042802373783480986,-0.01895236629719038,0.0,-0.0223508540693199,-0.39505613013675583,-6.062736150505451,0.0,-0.583841844863833,0.24905365945090313,-14.211356910521125,0.0,0.08619705500492335,0.13394201820712032,-7.328290156189597,0.0,0.07897562779047071,1.2546021052399625,-0.010541855912904907,0.0,0.911992057890995,-0.7135463824304802,-2.6029198023654105,0.0,-0.6651319827226282,-0.04269519495682556,-0.535776570918294,0.0,-0.11587165228110072,-0.7421940917350746,-0.7234295281644063,-5.903995822184049,-0.913141438033992,-0.20989749914951758,-2.214420526398887
1.26,-0.10605787921598775,10.868043694799697,0.0,-0.031296998013538024,-0.04407258702041615,8.815027641308465,0.0,-0.19539693179203793,-0.016898154458973923,1.0892410318052057,0.0,-0.11352671856896071,-0.8023038733503866,3.5198646378474536,0.0,-0.7190568121794505,-0.27182969437427135,2.3260548835573784,0.0,-0.1538504067857821,-0.008499153632920076,0.08854899119857357,0.0,-0.16451837081386397,-0.5241226683680436,7.667001461157353,0.0,-0.4770830969727666,0.23962265809001573,-12.549152794119397,0.0,0.0007981710009846675,0.14351889128073536,-6.139430687100515,0.0,0.007725493558094137,1.018879237121543,10.831971665894942,0.0,0.617930411578199,-0.664812202432608,-3.599600963671893,0.0,-0.5197249085445256,-0.08423870941430606,-0.46368367685228057,0.0,-0.23069922645622015,0.9831547257483304,0.8573676934208858,-5.215989724892197,-0.8923179357895654,-0.29911762516264123,-2.2870102647077197
1.28,-0.20176281824236972,22.486905517345633,0.0,0.2252464083972924,-0.17460533567013412,12.225761119612274,0.0,-0.2636577943584076,-0.07507970507078934,1.729452094850779,0.0,-0.12533269571379213,-0.8116038842370487,9.890974745667085,0.0,-0.6852808104358901,-0.24611615853120264,2.5653310998578847,0.0,0.4607335746428436,-0.1327538593094048,0.1648844945748098,0.0,-0.08060920216277279,-0.6107383575484249,22.59981290588753,0.0,-0.2000370753945533,0.1890207417041518,-10.452798599011075,0.0,-0.13878089379980307,0.09359157064047455,-2.976731254665382,0.0,-0.06629072528838117,0.6954485166225246,17.82387728547574,0.0,0.6295038903156397,-0.5691887065267578,-3.3221200333822862,0.0,-0.06214414170890509,-0.18415316521978634,-0.37849565913463545,0.0,-0.28992751729124405,2.809518865011703,1.7512608219077714,-2.895424887502604,-0.8319837334506593,-0.3458170614893894,-2.363146562289757
1.3,-0.21650564043181802,43.805231821495475,0.0,0.4246546096794585,-0.31129759217751957,15.990013791793164,0.0,-0.2022891028716815,-0.11438002159557797,2.328034547194482,0.0,-0.09732741114275842,-0.8592459556597948,20.482289857836612,0.0,-0.847221242087178,0.056536063989499674,2.2267010513310375,0.0,0.9026030749285688,-0.0912506638577906,0.14740353146218,0.0,0.06110363156744545,-0.6745975374967941,50.340739178061504,0.0,-0.017135055078910645,0.062498547453990645,-4.839270851260672,0.0,-0.29797023475996065,0.005176359501497639,0.09067366743606353,0.0,-0.12453471305767626,0.4899109032942361,26.560263426774906,0.0,0.740391386063128,-0.3361509437297543,-0.4595228479827984,0.0,-0.014745364341781014,-0.2579031296741241,-0.13475072210398398,0.0,-0.2774787994582488,3.1664466251759316,1.010486339438882,1.4813622624311371,-0.760835374180193,-0.33115202726789966,-2.395860872907697
1.32,-0.12208701895812711,45.66390888390502,0.0,0.42307564993589175,-0.37057797181806806,18.07853631334626,0.0,-0.06993862857433629,-0.12739571273372124,3.354668195969869,0.0,-0.11182589022855169,-0.9959443407171745,24.204522508192312,0.0,-0.9496322404174357,0.4441912214597179,0.1566472273231021,0.0,0.8870704869857138,0.02171161650146479,0.27218577761887564,0.0,0.07554622231348909,-0.6598281692239524,54.15582549114001,0.0,-0.02856921901578213,-0.12381644486085357,0.9652114765483901,0.0,-0.29984484695199215,-0.07368205097840536,0.2931079303534636,0.0,-0.06397867861153525,0.464922541991174,28.07560592556036,0.0,0.8085624292126256,-0.19447765938643913,1.528670865113435,0.0,-0.28657089686835624,-0.2724068910871454,0.15003328715510156,0.0,-0.21711007189164977,1.3881452429768373,-0.33567631746107596,7.134140559431384,-0.7322257267664348,-0.2528578170783863,-2.334200205936784
1.34,0.003648156640858169,28.490628069924014,0.0,0.32102123398717836,-0.3002290256030939,12.747578356980394,0.0,0.056916210285132746,-0.14552777110264511,3.251704935223217,0.0,-0.08315117804571033,-1.0852131982442244,17.36639275553054,0.0,-0.9566311520834871,0.6586539269461319,0.00800417974870804,0.0,0.6993441133971429,0.051246062144423336,0.2952029975213298,0.0,-0.0008409155373021865,-0.465405300912492,19.588467517555635,0.0,-0.10182182780315643,-0.27003670095377286,5.376452338452369,0.0,-0.17581041739039843,-0.06603757171532104,-0.6832539726800096,0.0,0.029000416277692957,0.5622350883035541,12.180084835006049,0.0,0.7568804938425251,-0.23057780077980353,-1.5476977158212726,0.0,-0.4745359873736713,-0.23047908429488587,-0.04025967774123923,0.0,-0.11641644637832994,-1.385117767315494,-1.073877778768793,11.004820871511239,-0.7663855516210748,-0.13826882281718314,-2.1784890674544544
1.36,0.1673670769667114,-2.4400024177442887,0.0,0.17933422279743566,-0.15538749579799416,7.15854206523648,0.0,0.16585008205702653,-0.13825358000273436,3.9358090270721604,0.0,-0.07339514760914206,-1.0421073159576688,-0.5598204977919838,0.0,-0.9996680464166975,0.6744235402652666,2.08746230434753,0.0,0.49813183067942857,-0.006236429902150268,0.3773782583679235,0.0,-0.043079799107460445,-0.19767198189509694,-12.58438364242283,0.0,-0.2247484055606313,-0.24155463987148282,-4.102007368607216,0.0,0.09345457252192035,-0.006618960216831031,-1.2967250957162837,0.0,0.04740401125553859,0.690652686836235,-5.285038334173429,0.0,0.623041914768505,-0.311137911100292,-3.2568780694413775,0.0,-0.6340961654747342,-0.1361501184010162,-0.29618777771283333,0.0,0.02096427072433402,-3.4518856615298215,0.8043906803409842,11.28076322070616,-0.8308372006312943,0.02051538811464768,-2.013667767324066
1.3800000000000001,0.3549224129078743,-34.07035975622491,0.0,0.007103780559487124,0.006499243534246097,1.8680167260163394,0.0,0.11046841641140531,-0.13172457174091468,4.178460579376171,0.0,-0.00666865352182841,-0.9323035432502181,-17.88552825069017,0.0,-0.8427879372833396,0.5783815360108152,1.7729315515053718,0.0,0.18061559813588568,-0.04905671387916326,0.2522974688353008,0.0,-0.027407111821492088,-0.020597331722734445,-31.13644713739822,0.0,-0.3719775371121263,-0.029857662001822695,-10.78547616375131,0.0,0.24201697850438408,0.01840019267506852,-0.5050009990408291,0.0,0.042763194251107715,0.7312968887605027,-12.554935565534684,0.0,0.619012814953701,-0.4333985721539923,-1.9293618532482029,0.0,-0.6291876490949468,-0.007887507240578795,-0.371296741071083,0.0,-0.0159984418551332,-5.063150535778135,1.7653664302491157,8.249237110933606,-0.9140189666941931,0.18976451383754003,-1.9071538480676797
1.4000000000000001,0.42279984402657583,-43.89330112404111,0.0,-0.09909702708810257,0.09566544978985174,-5.403268971767541,0.0,0.05121088600228106,-0.06654305445506364,-0.06777122271423153,0.0,-0.0017288707563656819,-0.7308695029952343,-26.406088851675932,0.0,-0.7779822074566678,0.3886127762834213,0.4480917979222028,0.0,-0.07942159077282289,-0.03219710934389517,-0.12072773896452355,0.0,0.014306599955701584,0.015174073800670063,-38.446129592460345,0.0,-0.4051339946224253,0.18653671770589758,-12.533648897848893,0.0,0.1915245069008768,0.03651432597529541,-1.7536983022727308,0.0,0.027644526610221543,0.7690502407947545,-17.67363520567941,0.0,0.6285723085907402,-0.5133193255480424,-0.8057000061655506,0.0,-0.6611809530189893,-0.00749404589591356,-0.3013847638244327,0.0,-0.10963274597102662,-3.708536975785663,0.9436956849016989,3.43487429912654,-0.9882519360135432,0.2951635044413748,-1.8621954865718904
1.42,0.36519042479791053,-37.7082659432857,0.0,0.002165730582379493,0.11927076064610732,-6.620020062569064,0.0,-0.026671830799543786,-0.019953670541932183,-1.0109926590848697,0.0,-0.04632310215127314,-0.6062951355591353,-22.368976829378724,0.0,-0.8710777054913337,0.1728157443247315,-0.45076112334468377,0.0,0.17887849784543544,0.014303993005059636,-0.2553346806670905,0.0,0.012045231991140317,-0.012248244124726686,-35.15122989977627,0.0,-0.31167554292448507,0.30019492774880946,-16.941233031866904,0.0,0.03660056538017535,0.05254697296174083,-3.32932994067613,0.0,-0.005469630677955694,0.7916442770557173,-17.265151215858374,0.0,0.5520998057181481,-0.5841113263597433,0.2312512587265272,0.0,-0.48159447860379784,-0.0769500222468527,-0.3081271221380798,0.0,-0.10006020519420532,-0.8818357162320029,-0.38007905544495585,-0.639840703583433,-1.0252335657374865,0.3155760381805211,-1.8509480718763818
1.44,0.27388784144504585,-17.263189572314904,0.0,0.0879610821164759,0.0687148237513437,-0.5534159322542909,0.0,-0.12348629415990878,-0.029931951307296104,0.3349047611372655,0.0,-0.017230988430254626,-0.6863926864751554,-9.011100815362402,0.0,-1.0051888130982667,0.1675228308714564,0.6272090422177266,0.0,0.5357375875690871,0.020449865016753874,-0.06731374172510488,0.0,0.03388668639822806,-0.0471597116536997,-21.33073624466842,0.0,-0.223649852584897,0.28934485142665417,-19.129220102322314,0.0,-0.043286230923964934,0.04852741220324363,-3.7383515031258288,0.0,-0.04135146213559114,0.7223222494122093,-9.638435575003486,0.0,0.6048815051436296,-0.540553452912095,-0.7315197442669996,0.0,-0.17711734372075955,-0.07555324672197983,-0.4886223838763887,0.0,-0.09559027303884107,1.7763091604929693,-0.34937521162976637,-2.9383007579043987,-1.0186441945824598,0.27904270583944263,-1.8603900009855685
1.46,0.18775095908021155,-0.658521419432752,0.0,0.21321934442329518,-0.07387879189066027,10.933973961657795,0.0,-0.10025980283198176,-0.028623434296338283,2.7009226552828958,0.0,0.020826730313949073,-0.8607906633555247,0.27754521649731956,0.0,-0.9984986106196534,0.3276296577495756,0.8689771312509649,0.0,0.5918448775138174,0.03036004160868438,0.19598094289752613,0.0,0.054959153279645616,-0.12722235063241555,-1.7451325152443147,0.0,-0.04631120251697939,0.1853978464308339,-10.59124167207418,0.0,-0.09254023018479299,0.010617574800674089,-1.4943069785221548,0.0,-0.08544531642711824,0.6594687066127036,0.304653641284105,0.0,0.7210889250287259,-0.36381198322350317,-2.1491307035442837,0.0,-0.007475628744151898,-0.07773111029519413,-0.2743083366187592,0.0,-0.0752121186077682,3.064952647349028,-0.23515576632800128,-3.8588450903087654,-0.9779577084309511,0.21867437682022942,-1.8961689683693186
1.48,0.09336618046023029,20.93762532633628,0.0,0.28630826088465905,-0.22715061259464242,24.56338490138996,0.0,-0.09300131256639635,-0.03402549310579462,6.592700817300092,0.0,0.04853804206278982,-0.9965527304938324,10.502084484045504,0.0,-1.0667076741239307,0.4422040411490474,0.888415936620075,0.0,0.6558236395027636,0.03321169399117164,0.5701344555082403,0.0,0.08392775865592914,-0.20189932371182562,20.83173210308743,0.0,0.03840507949660413,0.06527737264598947,-5.331396811390256,0.0,-0.1371527820369586,-0.042936936467917845,-0.3786931619021763,0.0,-0.09281302328542365,0.627970290230414,11.218266129750754,0.0,0.7885564250057451,-0.18488077358816093,-0.9348921352245974,0.0,0.11275849825116964,-0.07084611848124914,-0.05140816323543911,0.0,-0.13986703972155365,2.1793260245103907,-0.8095185559171532,-2.3269593492425242,-0.9294818586148063,0.16028023507906594,-1.9251309225086468
1.5,0.033929717335073564,29.979952400443484,0.0,0.3814844601769318,-0.29614638762884815,22.67846231033513,0.0,-0.10351411051327927,-0.02755666531932298,6.689803926378184,0.0,0.03317294441255796,-1.1273934421505507,16.525496292722877,0.0,-1.1379279588247861,0.5349761777406445,0.49909758298277573,0.0,0.8104340319005526,0.05502039799413507,0.5077235281075533,0.0,0.07957039973118582,-0.23285138410817477,27.23374956236149,0.0,0.09775430389932083,-0.021725252736855806,-4.3708808372246,0.0,-0.15027582840739173,-0.06930047080303905,-0.4599899399943601,0.0,-0.08940224465708474,0.633961343242796,13.900263462786137,0.0,0.8541083330011491,-0.04641934173858819,0.44783532020044525,0.0,0.12961938765023392,-0.12595674160319253,0.032962365074688305,0.0,-0.18790071994431073,0.7028652903396714,-0.9751664375153187,0.7669380130405865,-0.9024822084432585,0.13998099776542108,-1.919558436788483
1.52,0.0432486703521759,30.52627957264674,0.0,0.49217494003538637,-0.26735416704479753,11.013528724506589,0.0,-0.08580551010265586,-0.016774286852054066,3.2456258500088815,0.0,0.028225308882511593,-1.2424504021442,18.125930234937996,0.0,-1.1942855517649573,0.6592243596132131,-0.07240439602556137,0.0,0.9595802543801105,0.06346849136389371,0.24743472093725746,0.0,0.07539430394623717,-0.214259649797907,26.551065760770015,0.0,0.09421193277986416,-0.0825329970647272,-1.5258500480407244,0.0,-0.14571098168147834,-0.07853780891597631,-0.3339400320946241,0.0,-0.14100832893141693,0.6794046758312475,12.963985025674138,0.0,0.9466076666002299,0.02743745204089587,1.0374143859737792,0.0,0.12621442153004678,-0.17617753032563838,0.02885804386599322,0.0,-0.19682927198886216,-0.05328909682117661,-0.27708215540133585,3.8924901942538916,-0.893217787746328,0.17401978466790174,-1.8807262233457687
1.54,0.15492625014570438,20.44478747947965,0.0,0.5661513880070773,-0.18810346453025364,2.2518806119213526,0.0,-0.06652093402053116,0.002941868609693456,0.13244975719941943,0.0,0.010109797776502318,-1.3018518526315839,12.013233737002617,0.0,-1.1787427583529912,0.7985502102599663,-0.13784526232757344,0.0,1.0427431628760222,0.06853484355059791,0.0476279224847421,0.0,0.07938714878924744,-0.16920220290559418,19.026182528254196,0.0,0.008672058555972827,-0.1156975725559112,-0.5057797558883115,0.0,-0.10416193233629567,-0.11537716761015394,-0.1960100779956746,0.0,-0.2098492657862834,0.775301003411113,8.927090316408748,0.0,1.024393197320046,0.06631278639707258,0.6205704700926491,0.0,-0.04054461169399065,-0.19166701244482343,-0.017403221688077467,0.0,-0.17162731039777246,-0.23507214706265878,0.8859076559244312,6.405768910440084,-0.8857758243370801,0.2645319776912237,-1.8244723983545699
1.56,0.3428973889142092,3.317008866787585,0.0,0.5715531736014154,-0.11033541695735054,-1.5343842918151624,0.0,-0.030927162804106234,0.005795066153720306,0.3562530748747704,0.0,-0.04836923244469954,-1.2572054387586769,-0.1164143689826993,0.0,-1.0517106556705982,0.9091045157852979,0.9144771035126,0.0,0.9233964725752044,0.07547492379612573,0.04057525162178537,0.0,0.09190354975784948,-0.10630873034521321,3.393655894494991,0.0,-0.06950554828880544,-0.1111371246008592,-0.8201958658720823,0.0,-0.07809279446725913,-0.17306545568799248,-0.3943874115165764,0.0,-0.25642726915725667,0.9106762167887723,0.5431751371595155,0.0,0.9554139194640092,0.0180823040697068,-0.27059703318640826,0.0,-0.22884963433879812,-0.17388609919128262,-0.03969497535104742,0.0,-0.1769240060795545,-0.2807155540754651,1.925334853005658,7.371468769014654,-0.87028041415283,0.39300720559783053,-1.7617362795866214
1.58,0.5244044079156751,-12.069380619889087,0.0,0.4783828027202831,-0.06254509651037023,0.5567242802927557,0.0,-0.021347280560821247,-0.04275606994918255,3.6392525411648524,0.0,-0.0888633904889399,-1.1016727524046905,-10.400304277429033,0.0,-0.9079182271341196,0.903997115931636,2.460019662462721,0.0,0.5696723585150409,0.08429136650957779,0.18110978177633527,0.0,0.060462789951569895,-0.01098423127622658,-14.011469116191673,0.0,-0.16852354165776112,-0.07969987366341857,-3.3045400918615337,0.0,0.014180569106548182,-0.21981617045994425,-0.8796777802182767,0.0,-0.23124998183145135,0.9812840363912386,-6.908596019540445,0.0,0.8307171838928018,-0.08751183068730924,-0.9419877988871956,0.0,-0.4291050788677596,-0.1750035851929694,-0.02345614846031865,0.0,-0.2172746332159109,-0.34447485232120467,2.5815210664234085,6.302154134957393,-0.8478417592008305,0.5253360933603887,-1.7013465383691402
1.6,0.6490898121917541,-27.147022043435534,0.0,0.31937137654405656,-0.042383909899558744,0.09628767014993933,0.0,-0.04473132811216425,-0.0928442631584119,3.0823809967530704,0.0,-0.10447919009778799,-0.9046916652453187,-16.502416064877252,0.0,-0.8621378454268239,0.7336909455880964,2.3177645982927686,0.0,0.09703751970300815,0.05883076480639174,0.20218537714985294,0.0,-0.004713082009686023,0.06052056176774237,-26.32522151898405,0.0,-0.25604059633155224,-0.042860919472011975,1.4992172604567555,0.0,0.10059655382130964,-0.23209777908643703,0.46883754446566483,0.0,-0.14330783636629027,0.9689708638733321,-11.347217636298906,0.0,0.7735684127785604,-0.232218929190495,-1.153176132761958,0.0,-0.570036551773552,-0.21235853611124042,0.08107705602720311,0.0,-0.1995745506431822,-0.9881180775616827,2.838321903202846,3.6857331583320354,-0.8406407099506384,0.6355170671994009,-1.6691625214289747
1.62,0.694194755840797,-38.066565357307475,0.0,0.19245919530881128,-0.015981899410452194,-6.542323182725246,0.0,-0.04366734562243285,-0.10788946519370121,0.4613380242943076,0.0,-0.1162681500195576,-0.7567655242846199,-20.343246273691165,0.0,-0.9013984330853647,0.4314203724598039,0.48128380589461983,0.0,-0.1543755200593984,0.00509792650577759,0.058558892465065904,0.0,-0.04850028840193721,0.06501873454373469,-30.125996326918184,0.0,-0.31516940726631043,-0.010127561442244332,7.027740883932778,0.0,0.11487099876426192,-0.18816447012656531,0.8357363876208925,0.0,-0.05303273527325805,0.9277779012306957,-11.790184754759295,0.0,0.828666386555712,-0.3783418342874315,-1.0462748703111213,0.0,-0.5566770703547104,-0.20485527119055214,0.016482657416330107,0.0,-0.12283283012863644,-1.4065551743078735,1.60294111493046,0.6832588527786585,-0.8658496462207432,0.6984584911546783,-1.6748267162117847
1.6400000000000001,0.6395764760799117,-34.85808669269947,0.0,0.18827057506176226,0.02742893889180622,-11.265389012159137,0.0,-0.035986445124486566,-0.11161052681054433,-0.668142098937416,0.0,-0.12929005400391153,-0.7108798166605662,-19.414798252993286,0.0,-0.9131556306170729,0.16170928343343732,-0.5891874566720681,0.0,-0.1603972720118797,-0.037016256088265934,-0.0520752973757814,0.0,-0.03888044168038744,0.009002065484676247,-26.814196481022726,0.0,-0.3297125214532621,0.01739855305175627,6.77226905493308,0.0,0.1335412957528524,-0.1113109208073993,0.38109318345591436,0.0,-0.01803126705465161,0.932457849869452,-11.148908385128726,0.0,0.9581372693111425,-0.45299036284504923,-1.0257050077637135,0.0,-0.639344558070942,-0.1389410437927874,-0.04829577627839743,0.0,-0.09431442202572728,-1.0531392531988168,-0.6193219937836082,-2.1884438920135874,-0.9048197050926761,0.691516941211106,-1.6987769314286645
1.6600000000000001,0.49929103327328095,-15.16872596783675,0.0,0.16068470701235243,0.05771623792350389,-10.779804071425483,0.0,-0.024849993024897314,-0.11597095447659919,-1.286884446625427,0.0,-0.12163549080078231,-0.7506642200502475,-10.595773097860535,0.0,-0.8889740221234147,0.006603724732350904,0.61490418290016,0.0,-0.12999871040237593,-0.034642821809991,-0.12609631243292888,0.0,0.021757367663922517,-0.08608899452344346,-15.491354239617255,0.0,-0.40880252829065244,0.04890060453634817,4.847578421055506,0.0,0.15414229915057048,-0.06068140470361713,0.6453189205620653,0.0,-0.005410397410930321,0.9956973217467662,-8.452791354915043,0.0,1.1230057498622283,-0.5337661942661294,-0.3143577433642699,0.0,-0.8298623676141884,-0.10498122990676773,0.04269519999489854,0.0,-0.13605199640514545,-0.6019831644589178,-1.634111108901992,-4.151202265945179,-0.9380227149334582,0.6233181465142593,-1.7286315351272656
1.68,0.32473754689273443,0.25402458039895137,0.0,0.04296952540247048,0.03982655513773761,-3.1473591600205,0.0,-0.013236454604979462,-0.11626615174468596,-0.5491562051014172,0.0,-0.09839337016015645,-0.8054315754940607,-2.896011005495464,0.0,-0.8432119644246829,-0.07140185935565349,1.602272927896927,0.0,-0.1288612780804752,0.01337714964478531,-0.08535136012816918,0.0,0.043526137532784503,-0.23261398580865317,-3.6926097553962354,0.0,-0.5049079696581305,0.09714415136167828,-0.1747771425667386,0.0,0.1291947078301141,-0.030308007925403228,-0.35491271409068004,0.0,0.04272998451781394,1.1016815050524948,-5.0417063331482845,0.0,1.1400842699724456,-0.6688770469759946,0.4578571468793555,0.0,-0.8645651295228377,-0.13247084437770923,0.06250617150294943,0.0,-0.1503273192810291,-0.3606715202566617,-1.0594345062880177,-5.296315385279317,-0.9695479727429203,0.5273598742607264,-1.7757232025633065
1.7,0.14085632483275928,5.928781620617677,0.0,-0.021881054919505906,-0.0221271119421362,7.503567270869516,0.0,-0.011760306920995892,-0.11270356817990014,1.5252775781147285,0.0,-0.06887130603203129,-0.8226519847381445,0.10855896221341466,0.0,-0.7990451528849366,-0.11448628924956149,1.793910481032579,0.0,-0.18321514361609503,0.03488899127389704,0.10128033016497626,0.0,-0.0010752364934431026,-0.38176645222998246,1.7477963302271071,0.0,-0.5354484259316261,0.15686671494145857,-9.358643118344984,0.0,0.10768956556602283,0.03133659957249885,-4.519506844078359,0.0,0.0736563889035628,1.1408009520250975,-0.4523456281501102,0.0,1.0378417339944892,-0.7600861167289215,-0.18653155554659673,0.0,-0.7450896179045675,-0.1415272107526078,-0.25486977909702035,0.0,-0.11256509585620582,-0.4109182826256783,-0.4252978721278753,-5.462642855090996,-0.9996538706229908,0.4261673510310721,-1.8293986141214535
1.72,-0.009822094415159972,10.426386045544767,0.0,-0.03253409898390118,-0.09667681309894761,15.448992291387063,0.0,-0.035219469384199176,-0.10187064659247037,2.9762395448625196,0.0,-0.07144605320640625,-0.823980046141191,3.5223344992545744,0.0,-0.7623382545769872,-0.1654236592165569,1.9862948297125789,0.0,-0.22355486072321903,-0.001659269264424538,0.246611809931077,0.0,-0.052193943298688615,-0.4997543566129409,7.263241788475688,0.0,-0.5249381811863252,0.22068114309610112,-16.93018401859327,0.0,0.09573343311320456,0.09808795073086131,-7.580693941333833,0.0,0.08440466178071256,1.0676023582500536,5.556991010289825,0.0,0.9523208747988978,-0.7489769690228899,-1.2783046253712311,0.0,-0.6614884435809135,-0.10251262902540274,-0.5773575412184824,0.0,-0.09146474717124116,-0.48386892924658953,0.22931890070537908,-4.3011263988207,-1.0296151442021808,0.3403141948853658,-1.8812459078746497
1.74,-0.11006861037719083,15.021366584039532,0.0,-0.05482457179678024,-0.16124447180490695,17.989714780004423,0.0,-0.11009188587683985,-0.10224733599670349,3.4838570105239057,0.0,-0.10610569864128125,-0.8232311096568349,6.623386801644225,0.0,-0.7030090749153974,-0.2134653080516956,2.0575900579439215,0.0,-0.2075876841446438,-0.05057974319466635,0.27794272560661726,0.0,-0.12373583665973772,-0.5894254169368174,14.494325186048798,0.0,-0.510139044237265,0.2579379105383687,-17.908494502196266,0.0,0.07459109462264091,0.13503145378535591,-6.966307176924079,0.0,0.0974487003561425,0.9546275586735238,9.03954929088087,0.0,0.7828380549597795,-0.7006740666488244,-0.9185572107552811,0.0,-0.5979493127161827,-0.07457413145010955,-0.5652185884260131,0.0,-0.12397722143424822,-0.09754084485710562,0.6281580943282615,-2.2313055425392236,-1.0491062657407013,0.287573104499666,-1.9234039420674491
1.76,-0.1799185284021281,16.720658046405642,0.0,0.038665429640643956,-0.2037800327763623,13.038547364616868,0.0,-0.18281688117536798,-0.11580401144551887,2.21886291268465,0.0,-0.16715011572825625,-0.7991482776139751,7.7097012556989695,0.0,-0.6328001749830794,-0.2310638767421483,1.8192241471219985,0.0,-0.008484344828928743,-0.11402029527057791,0.19104837245761724,0.0,-0.19016787933194754,-0.6289393057819186,15.775484370518102,0.0,-0.393299512847453,0.24433982159750028,-13.093588383521237,0.0,-0.005159285075471821,0.14495489428122701,-4.372650523145364,0.0,0.0512152760712285,0.804596352512414,9.703983715206018,0.0,0.5564639309919559,-0.6483048911996234,-0.7301302143394497,0.0,-0.4869662545432365,-0.09916875808991935,-0.36985536470405,0.0,-0.21420093228684964,0.5352588005734238,0.9910074296904903,-0.13667626160518664,-1.0527515769002889,0.27387084380074495,-1.9470895791784568
1.78,-0.1983069462548299,22.378118830519824,0.0,0.26476958992812877,-0.23148599775774237,8.23097312514483,0.0,-0.1701889042350736,-0.1479582130968343,0.8463184169038387,0.0,-0.17621074314565124,-0.7716050976209341,10.846377774556778,0.0,-0.6360245469966158,-0.14891036530388269,1.8063517384823866,0.0,0.4350058830342142,-0.17469921739552882,0.08456205089315427,0.0,-0.0702998718663895,-0.6129711811170564,21.336809213269206,0.0,-0.2040526865694906,0.1732974256753451,-7.502036840629723,0.0,-0.15698576101509437,0.10706985902078486,-1.502680425910718,0.0,-0.019717744785754304,0.5886942669752383,12.923934639559334,0.0,0.6235903621983911,-0.567706611400956,-0.7843190234552955,0.0,-0.2596216589086473,-0.18030582774315593,-0.18502589310030726,0.0,-0.27493399445736993,1.5357373757935688,1.769464787706044,2.001186159250606,-1.0386895049393092,0.30458490837009355,-1.959941734897518
1.8,-0.12619345266465753,30.816315335011588,0.0,0.3684120779856258,-0.2562344153197219,10.06931415470379,0.0,-0.13981117284701472,-0.1686243394191916,0.8589315887132126,0.0,-0.14836215662913024,-0.7880631342071253,14.906762632024671,0.0,-0.7658289493993232,0.10648721618438413,1.3180283351409336,0.0,0.7759627206068429,-0.0900327854637272,0.04063542543223814,0.0,0.04950310562672211,-0.5969414543091814,34.78500498987582,0.0,-0.09288370531389811,0.027007946632478345,-2.0365510084750795,0.0,-0.2573138962030189,0.036532481232159617,-0.13477311833166894,0.0,-0.05190097295715086,0.4925264620072094,17.87561559149297,0.0,0.6683147124396782,-0.42385623124178656,-0.26600086806516643,0.0,-0.19735105178172946,-0.24821216961656173,-0.07650761280673757,0.0,-0.25896035089147396,1.7314324691222693,1.625163423964164,5.344682274706919,-1.0031403354122312,0.39155366808042297,-1.9540153969175056
1.82,0.01296798563686517,22.12872003555566,0.0,0.36718911159712514,-0.24486587821145242,8.047120345742606,0.0,-0.04139447456940294,-0.16111250877410305,0.6740822059488935,0.0,-0.13028843132582604,-0.8499906139681103,11.68303510354318,0.0,-0.8958572378798646,0.4177140009846796,-0.09265541040366188,0.0,0.8012936721213686,0.019088670764832037,0.07636650315586757,0.0,0.060591365125344424,-0.4874526533888589,23.918701594781556,0.0,-0.07221506106277961,-0.14311400353637224,3.5688464307412335,0.0,-0.2612834112406038,-0.015576896430214794,0.003927361931438611,0.0,-0.005890754591430169,0.4923500578086746,14.09006010713713,0.0,0.7414232544879357,-0.31337534210021023,-0.957968589220493,0.0,-0.35376111435634594,-0.2537883946253968,-0.04363723199235646,0.0,-0.2267417421782948,0.5527626768033067,0.4408753053107808,8.99435200471832,-0.94943188647752,0.5303440734260597,-1.880536194727907
1.84,0.18307454604692544,2.5820099755771935,0.0,0.27960731831942504,-0.18898145267920938,8.607899110737979,0.0,0.07047756908611942,-0.15808845352516984,2.4619529404936387,0.0,-0.0826674702651652,-0.9104841135032513,3.9038875204755374,0.0,-0.909670407575973,0.6040685253450213,-0.11498591697093552,0.0,0.6713106384242737,0.04204165793300475,0.26045156819342874,0.0,-0.016922734974931124,-0.27945431190384507,-1.834773280333799,0.0,-0.13323656421255592,-0.23570807263993443,0.5180034080176195,0.0,-0.14500139424812075,-0.006545776263744736,-0.7890210076416928,0.0,0.05030166508171397,0.6034911347798333,1.5064007441063172,0.0,0.7182882348975872,-0.3087791008595064,-2.9591449129713574,0.0,-0.5029524068712692,-0.22792569636922355,-0.2244758104124439,0.0,-0.13133698043565895,-1.1326790611584228,-0.1530281873042001,10.73866621982199,-0.8700189657293312,0.6937956907288622,-1.7269068819917888
1.86,0.3386588788447589,-19.959065619982454,0.0,0.13659031166388502,-0.1083193632506355,9.71742492918244,0.0,0.15442526581722388,-0.1450172636143865,4.7240533570351655,0.0,-0.050203422053033034,-0.8839484397252958,-8.026702112574586,0.0,-0.9358882815151945,0.6389421212739691,0.652696128875019,0.0,0.4848287916848547,-0.022880286994131263,0.4528903892949484,0.0,-0.04934861899498623,-0.06176811362734993,-24.163476046177813,0.0,-0.24188364084251118,-0.17704433771228095,-7.58994488839992,0.0,0.08660268915037588,0.027444853725192203,-0.8223372875272426,0.0,0.0604795410163428,0.7238997331536573,-10.82835003635674,0.0,0.6306672229795174,-0.3651145268041416,-2.965285623414795,0.0,-0.6493850013742539,-0.14501584260334496,-0.3037391176876497,0.0,-0.006911268087131783,-2.600548482334645,0.6378505234343579,8.839834453172356,-0.7815389262488102,0.8431578983860171,-1.5408817500821324
1.8800000000000001,0.451657688674956,-39.381667389172485,0.0,-0.017431329667223,0.004201838178215487,3.211648959544574,0.0,0.10411912516344476,-0.1175833737073288,3.3911064767792296,0.0,0.004750515589393394,-0.816826519725002,-18.291730344720612,0.0,-0.7953279283030389,0.5698843109854519,0.13898323065153662,0.0,0.20708425433697092,-0.05806354411107276,0.23987236320358107,0.0,-0.051119971798997244,0.06527750623927345,-37.87157379649728,0.0,-0.36074392816850226,-0.006942348500500522,-7.939381911947821,0.0,0.19711292183007517,0.03674076103406847,0.26921419652379885,0.0,0.04181778820326856,0.7691067085209355,-16.27578770679803,0.0,0.6021766525959035,-0.4746253611322581,-1.507181274057701,0.0,-0.6248726802748508,-0.032512080956534885,-0.2694466668679708,0.0,-0.03942310961742636,-3.8975835588737304,0.8428513629169949,4.624914165227743,-0.7430953904812706,0.9469009511042623,-1.4010725281446959
1.9000000000000001,0.43608182295708553,-40.74860047115962,0.0,-0.10715346593344462,0.10408316905004299,-9.047682087710538,0.0,0.03511425703268895,-0.045355797935083514,-1.0528169258825146,0.0,0.0027723431178786786,-0.6689168296630088,-23.210158153376558,0.0,-0.7577083296606077,0.4023908802838482,0.19542126816797456,0.0,-0.035959069132605825,-0.04948091331085151,-0.2322139497430157,0.0,-0.004153074359799445,0.0760903566692623,-40.82493585806604,0.0,-0.36642248963370044,0.14452312226707353,-6.57326056496094,0.0,0.15531919236601502,0.037388071605813276,-0.41671063456194124,0.0,0.02514052564065371,0.7882391646031345,-19.121277066585954,0.0,0.5842070585191808,-0.5367047274980951,-0.6106590026426764,0.0,-0.6304630640549701,-0.03477066203900657,-0.15462401236119486,0.0,-0.11882966992348527,-2.8080675971758287,0.6699338535204391,-0.07200365904757622,-0.7791360699071431,0.9836632400741812,-1.3657002077011033
1.92,0.3251806462791449,-30.474864190609843,0.0,-0.0034147971866889185,0.14918926560342907,-12.444518563596748,0.0,-0.07107618859346222,-0.003008114249260395,-1.7887460175024166,0.0,-0.04118269137642427,-0.5927164475045095,-18.227637060803676,0.0,-0.8780328819321215,0.19489223861956842,0.4677838026753349,0.0,0.2529976261734788,0.0005674170070229174,-0.37366140126263225,0.0,0.013868665128040114,0.022551979241438137,-31.528520994675723,0.0,-0.26235321792674005,0.20550703800063477,-7.0258378034031645,0.0,0.009920846473202998,0.039450337005005956,-1.1910940965534864,0.0,-0.005427166871869261,0.7652359299920679,-14.883427910281956,0.0,0.5520549557038361,-0.5806395238318548,-0.15793968121360935,0.0,-0.392288668810994,-0.09574363711007312,-0.1256821837192516,0.0,-0.10043845398469706,-0.3016308121357676,0.14199145588953221,-3.7449732448810096,-0.8522670927536817,0.9561164354973001,-1.4218814999009655
1.94,0.20634141678272697,-8.782582303311802,0.0,0.10998855256266223,0.08951483710789904,-4.930729645636307,0.0,-0.12504723771869244,-0.014090919601135666,-0.5296803285804796,0.0,-0.0026446582752848516,-0.7088185544608454,-5.020132424768494,0.0,-1.0042222003864243,0.20438930208255776,1.5644093259582112,0.0,0.5751178852346958,0.023538169957067003,-0.1603993245012271,0.0,0.04539876502560803,-0.05825023112494674,-11.464983601125477,0.0,-0.15453677158534798,0.16886349349484125,-8.693968166290754,0.0,-0.0627060147053594,0.029924462769965358,-1.666486427671826,0.0,-0.06358545737437385,0.6821826621311472,-4.748529762534982,0.0,0.6437898711407672,-0.49290652894558823,-1.3567202490839456,0.0,-0.15058191776219879,-0.08627889712681865,-0.29892649877501276,0.0,-0.09997513079693941,2.2482050374489475,0.24078115901934138,-5.579945862009234,-0.9122811632721778,0.8846514042861869,-1.5228369153204009
1.96,0.11129194389044968,9.577739099360583,0.0,0.21447810251253244,-0.0753230171191261,12.376748864921975,0.0,-0.1073133995437385,-0.015777160736041095,3.144203241306214,0.0,0.03113282034494303,-0.8992728910441881,5.02065251768262,0.0,-1.0278926720772847,0.35838137405539794,1.4693632266611498,0.0,0.6467550330469392,0.038354458970693395,0.2515003920026296,0.0,0.06782234500512162,-0.17058290991802055,11.042566956346091,0.0,-0.00642337831706959,0.08330006501551386,-5.8551963591282306,0.0,-0.11297402694107188,-0.01890330385145844,-0.6015978317110449,0.0,-0.09423430747487477,0.6278236954042514,6.306771435491697,0.0,0.7497023102281534,-0.32211850123249586,-1.5335942418106097,0.0,0.03112990444756026,-0.08950059054502933,-0.123561779991677,0.0,-0.10907825815938789,2.820087272264588,-0.01596705316312086,-5.24031581428804,-0.9400527173532511,0.8003468619544295,-1.6297846840544328
1.98,0.022991283513500254,27.30682073540934,0.0,0.2873541085025065,-0.23258508114306256,24.268386568142198,0.0,-0.0985313279087477,-0.024216453678559197,6.762023674004626,0.0,0.05364454806898861,-1.0483603932341652,13.638375352472208,0.0,-1.0883629744154568,0.4811426825123936,1.0800116093366716,0.0,0.7074384946093878,0.04481104698124316,0.5608473902079754,0.0,0.09329806900102433,-0.24286703267308318,27.33887807785803,0.0,0.07089188433658608,0.01123075647804963,-6.718306724771965,0.0,-0.15603243738821437,-0.05940679251937251,-0.7857245502580912,0.0,-0.09517409349497497,0.6116600050415336,14.03449138316751,0.0,0.7983173100456307,-0.15367144716708192,0.0175302822381056,0.0,0.12493865288951206,-0.10270805515671214,-0.03485468829865371,0.0,-0.17422809163187758,1.5870510014754609,-0.8975936553102911,-2.389249500557826,-0.932768311461907,0.7332353906966937,-1.682250014354366
2.0,-0.020868684733814744,33.3011549369144,0.0,0.3968535897005013,-0.29863770927110556,22.26741986712313,0.0,-0.11000063358174955,-0.02118346452083317,6.794268134160033,0.0,0.03052942961379772,-1.1762031295780877,18.388812513189674,0.0,-1.1745007868830915,0.5792380991930155,0.49376306683259585,0.0,0.8776589389218775,0.06535392579866511,0.4925965209391603,0.0,0.08440694980020487,-0.24560559208828525,28.94920586590374,0.0,0.12226411286731721,-0.035914557947323275,-7.891819575622046,0.0,-0.17166963947764288,-0.07265683583942485,-1.2682787369909099,0.0,-0.10671377069899499,0.6278414070877376,14.570037652585892,0.0,0.8732872540091261,-0.02963339493054028,0.8772659593087315,0.0,0.15965165857790242,-0.1577559187818638,-0.05651382855721576,0.0,-0.20033151432637553,0.457610714369199,-0.8177614215796731,1.356956905086712,-0.9067699651186013,0.7186506703128145,-1.669332911953
2.02,0.027498574542053563,29.677108961880634,0.0,0.4991106859401003,-0.27474426422525905,12.157080356287254,0.0,-0.0775273267163499,-0.017306548364763915,3.7213150600793217,0.0,0.036887805922759545,-1.2842351528912246,17.59766863207126,0.0,-1.2154703093766182,0.7141803583207856,-0.1784600705983852,0.0,0.9845956917843754,0.06916866921257199,0.27266225987320397,0.0,0.07872952596004097,-0.20586203640168835,26.070963208440745,0.0,0.08993847857346343,-0.07372271021265644,-6.049527601736074,0.0,-0.16317955189552857,-0.08449145654252958,-1.3323981798886273,0.0,-0.155671658139799,0.6881889214680194,12.851636534240246,0.0,0.9738826908018252,0.04928973422968863,0.9842493725673798,0.0,0.12610673171558048,-0.18793927801783897,-0.11004990809818438,0.0,-0.1985840708652751,0.19847596742998053,0.12527592337966298,4.626524989884724,-0.8651532256157233,0.7679051188163618,-1.6131775765627097
2.04,0.1745916073773559,16.371647655386237,0.0,0.57385600918802,-0.2117817776732622,6.975767162583314,0.0,-0.040760153343269975,-0.004041456255361992,2.3417781759108363,0.0,0.01792509718455191,-1.3188005785327859,8.96125475887971,0.0,-1.1907934458753235,0.8398755986675104,0.13410209587570954,0.0,1.0684598183568752,0.06794686815678344,0.20310777578451733,0.0,0.08491652919200819,-0.14643538719204055,15.174333885858598,0.0,-0.0055439442853073215,-0.09517902353618896,-5.445612728231453,0.0,-0.10885674237910573,-0.11947634370309332,-1.5662724885769514,0.0,-0.2237057076279598,0.804098394769614,7.207430271140188,0.0,1.054716210160365,0.08176027407901228,0.16905463094652085,0.0,-0.05340308565688392,-0.19105961341817693,-0.1520892147815604,0.0,-0.16930290217305502,0.16692947065703767,1.2826812522797335,6.84527964790974,-0.795922967940889,0.86919436684338,-1.5228719268052393
2.06,0.3839332602783848,-1.393653729012108,0.0,0.559516921837604,-0.14042065284253283,4.1099286382363225,0.0,0.004945385331346008,-0.010238121028764802,3.24162696661069,0.0,-0.04611505256308962,-1.251028637740637,-3.5388209382384925,0.0,-1.0476579371750647,0.9398392286999683,1.3056495268829442,0.0,0.932758243671375,0.0733755899772683,0.22014483637758958,0.0,0.10966101783840164,-0.07819089270937747,-0.9572424712359116,0.0,-0.10887213285706147,-0.07387965528131483,-6.663982578990859,0.0,-0.06148199647582114,-0.17379499190023723,-2.1164595791727097,0.0,-0.259086477525592,0.9521876680593817,-1.3295931332481725,0.0,0.978275298032073,0.02475186035940268,-0.6812898737048076,0.0,-0.28843351313137683,-0.1680603564523171,-0.15906735793420493,0.0,-0.184087044434611,-0.1579424773617717,2.3005774128361187,7.2737528870681265,-0.6978115281616852,0.9971825328932185,-1.401164369082355
2.08,0.5675065615013332,-17.207809365435665,0.0,0.4253121283675208,-0.08085474863716467,4.064660385347007,0.0,0.0170638450662692,-0.061651845312391304,5.36399788397687,0.0,-0.08313633851261792,-1.079376813031902,-13.175938665904317,0.0,-0.8850431794350129,0.9232463136348745,2.662803451588631,0.0,0.508738808734275,0.09373923195912194,0.2693364643020497,0.0,0.09207653956768033,0.010234446624172265,-18.863103031314438,0.0,-0.24159947457141231,-0.030072663882207147,-7.378316673352964,0.0,0.059374184704835783,-0.2139504380782489,-2.1593762291894785,0.0,-0.2212276875051184,1.0266060444546596,-9.09556424429952,0.0,0.8436480596064146,-0.10656275042245393,-1.1206751020205594,0.0,-0.5439591506262754,-0.17730952878441938,-0.08841852385093095,0.0,-0.23242657688692223,-0.44012917347113123,2.8944437951561937,5.372609374927364,-0.5802619404622477,1.1138277035691573,-1.2614329525738717
2.1,0.6751434389569639,-32.95552352122314,0.0,0.22763784167350415,-0.0326784236488393,-0.37816229736012197,0.0,0.006517649013253839,-0.09979220844164184,2.8852032121902846,0.0,-0.07739722770252358,-0.8652422414575391,-19.387624984717256,0.0,-0.8719870438870025,0.7157309321399689,2.4423694589857927,0.0,-0.0018827902531450141,0.08482338405077683,0.20186822460058673,0.0,0.02618871591353606,0.06161927488851505,-31.399310333367808,0.0,-0.3394877989142825,0.006814564566438254,1.3157419037727198,0.0,0.13300115694096717,-0.22173227851434377,0.1897382696331572,0.0,-0.11351249750102367,1.0100736400656338,-13.479182424500635,0.0,0.798798347921283,-0.2920240160567069,-1.1340472626081848,0.0,-0.7083886061252551,-0.22400586666162664,0.06017126482395102,0.0,-0.21533328337738444,-1.1524651152539864,3.0547814798677173,2.1291459241724695,-0.516872148040152,1.2028018544433423,-1.178395129276771
2.12,0.6917410077491138,-43.405872497122836,0.0,0.11208140185470084,0.02941742678306986,-9.400736314839115,0.0,-0.018656422117349233,-0.09062562569689328,-0.35551084221492535,0.0,-0.09106285578050471,-0.7235061986452213,-23.373687659712616,0.0,-0.9167857815774005,0.37707647139955836,0.24850263664667693,0.0,-0.217557630050629,0.035579347885992645,0.009463501403191132,0.0,-0.020345142577292794,0.03942661670704512,-33.59229142650693,0.0,-0.3638370013828565,0.02748250418785559,7.887592788106507,0.0,0.10854000018819343,-0.16487145232063036,0.6876650525896677,0.0,-0.02228346022100473,0.9659455508733152,-12.930118448762286,0.0,0.7996888975842567,-0.4767716241255199,-0.8224179414626605,0.0,-0.615556190825051,-0.2183712322325641,-0.010164943603516774,0.0,-0.1355761526754769,-1.3008159328578945,1.31517115316132,-1.336134742922952,-0.5822493541902489,1.2451927610220468,-1.223824406612754
2.14,0.5885651343882361,-33.2638237027239,0.0,0.15685014437094014,0.09139662137791632,-15.55869453889289,0.0,-0.10720227642346986,-0.08177017751445279,-1.6269258615538036,0.0,-0.13140965115610095,-0.6981777731429845,-19.889192643044478,0.0,-0.9466259883154802,0.09991631405734361,-0.07606805948339712,0.0,-0.1615468300101258,-0.004620029601298039,-0.13721115666032258,0.0,-0.03693175651545856,-0.020460366748003445,-27.965998559570156,0.0,-0.2812577842765713,0.029599715168337665,7.696101836948531,0.0,0.06872976003763868,-0.08088473999056385,0.4458863957469843,0.0,-0.009922548044200945,0.9352500683006431,-11.194301805907905,0.0,0.7970485395168514,-0.5364249737100756,-1.0487765049224924,0.0,-0.45984279016501023,-0.15076737244607133,-0.055468311386031144,0.0,-0.06383667853509538,-0.334365644620915,-1.0265622918060913,-4.3260033431056995,-0.7224469896665942,1.2096560191599035,-1.3566009391001586
2.16,0.40949885110564976,-7.491277996026589,0.0,0.31943192487418803,0.08776123829861385,-15.008790638687472,0.0,-0.19607639928469398,-0.0916634850776644,-2.659855585103779,0.0,-0.1474311622312202,-0.7787691617786916,-7.28934887866199,0.0,-0.867370485663096,-0.03881946983900724,1.8618321453300863,0.0,0.09079401799797486,-0.019943834318910822,-0.22238759796028854,0.0,-0.04693036730309171,-0.08653226579504557,-12.238568383342756,0.0,-0.13536816485531425,0.019880945961609928,5.962588217227091,0.0,0.049556992007527736,-0.0378668671389834,0.6049746565893757,0.0,-0.0611120856088402,0.8924756042172645,-5.3247321906412175,0.0,0.7608231079033704,-0.4952395332627486,-1.1583581887694039,0.0,-0.25143092603300204,-0.07980174470334554,-0.026635141262090656,0.0,-0.050881887707019076,0.895766289347131,-1.569926645648617,-5.629535453266203,-0.8302602753647369,1.1160249616599003,-1.4815229802246412
2.18,0.25007698798439953,18.066155335846954,0.0,0.4994344089748376,-0.01695352457038862,-4.833926313973407,0.0,-0.1245336398569388,-0.10326646989427599,-2.2800055376270145,0.0,-0.18187092844624406,-0.8705445660743073,7.82234375717866,0.0,-0.8422514251326192,-0.009959609696546402,2.7653072995905017,0.0,0.46571245159959496,-0.02983139528582311,-0.22686196436882902,0.0,-0.04155303346061834,-0.15650494550367455,9.944011485787838,0.0,-0.018450568971062845,0.019928537879705846,2.8583600990200204,0.0,0.02183983040150555,-0.051441933671911015,0.44285934669633575,0.0,-0.13495080112176802,0.7990517560027273,5.114755575662149,0.0,0.873904037580674,-0.374755883959262,-1.1062214388607057,0.0,-0.2836636812066004,-0.05626230029553582,0.01158826755617487,0.0,-0.12836999354140383,1.4734897068284645,0.12968879237654085,-4.687781976958181,-0.9049768465191643,1.0254973558091645,-1.593730481606806
2.2,0.19982710678909094,31.383022989024834,0.0,0.5374974177949675,-0.14536938169776242,13.888342382116395,0.0,-0.03140731997138775,-0.15878025887020303,2.419118575492643,0.0,-0.2398386016892488,-0.953527325867643,16.335656796166408,0.0,-0.8330899570265239,0.18856042516182284,1.7586253521749118,0.0,0.516882090319919,-0.040780255991234034,0.18066595650640818,0.0,-0.011684918692123666,-0.251643833396944,30.55403218050291,0.0,-0.049125209794212574,0.04686819820960984,-5.228713720664221,0.0,0.027716334080301108,-0.10028709347346897,-0.27296117170212764,0.0,-0.13720457622435359,0.7581728831852006,14.472515067204471,0.0,0.8886143355161348,-0.33287661120372347,0.7785715140981084,0.0,-0.5971011202413201,-0.11469165186960943,0.0545527064468343,0.0,-0.24232269470828077,0.9936379433892786,1.4203680976922062,-2.26779440250144,-0.9755696330212539,0.9801953869937979,-1.7054697613002447
2.22,0.22507696053801501,26.82773836377499,0.0,0.3146541555589935,-0.22083925846412417,23.632548633632737,0.0,0.05015788000572245,-0.24175678244362714,5.8083476288458815,0.0,-0.2331050403378498,-0.9820176984731949,15.17872937848306,0.0,-0.8737048954053048,0.3336420245834031,0.913929417669495,0.0,0.25250981806398376,-0.03122017741467229,0.4594699772060761,0.0,0.0055570882615752675,-0.30322405837579025,28.172737432023723,0.0,-0.23061532195884252,0.08729937611524281,-10.279716578387443,0.0,0.06681217081606022,-0.11822783573837443,-1.2145731744642523,0.0,-0.02357605124487071,0.7530014098916818,13.492396967382096,0.0,0.948374523103227,-0.45990063036566575,1.5466082826848835,0.0,-0.7697401280482641,-0.21854095064321383,0.05635053684292013,0.0,-0.2619967949416562,-0.09992881464149361,1.837761931056546,0.20008198233406832,-1.0271142798243857,0.9826651567285203,-1.778380521558828
2.24,0.2492612202631859,6.3014509890722925,0.0,0.1030410151117987,-0.21815182825420837,22.517724429123398,0.0,0.03954605600114448,-0.286766686695629,6.931412951918524,0.0,-0.11553424806756996,-0.9577101690337291,6.814517801413,0.0,-0.935596371081061,0.3066535425255525,-1.2879020522586764,0.0,-0.03278976438720327,0.003256730762456559,-0.6239293496342756,0.0,0.014306305652315053,-0.32464140929769125,9.361293225731718,0.0,-0.44419559239176853,0.12677604753302466,-9.850122065132926,0.0,0.16865544216321204,-0.050784441937283376,-2.0100984393365082,0.0,0.07266513375102586,0.8210448807509716,6.81634803779249,0.0,1.0015900646206455,-0.6123112884604421,1.0467887322583334,0.0,-0.7478639056096529,-0.33152300146056424,3.432243644313396,0.0,-0.17097379898833123,-1.2590559490957092,0.510680461200139,1.1518960087702128,-1.0583787639662046,1.0074507944192914,-1.8002156273793375
2.2600000000000002,0.23607521605794596,-10.060172970320304,0.0,-0.07630602897764027,-0.1451597636602236,8.65557790885895,0.0,0.034359147200228896,-0.2185803230043388,2.8747891891120405,0.0,-0.020269489613513984,-0.9295293148081818,-4.052409587879858,0.0,-0.9310390102162123,0.1796023783306193,0.31661346923330846,0.0,-0.15295648087744065,-0.01809726836979233,0.2889249991104994,0.0,0.03259654913046301,-0.3411769432915811,-9.788587551395613,0.0,-0.5708354304783536,0.13889317206929422,1.057710133400834,0.0,0.1744427524326424,0.015326262309765462,-0.37699532548197645,0.0,0.12653063475020518,0.9442228548847853,-5.005072172480279,0.0,1.0086496049241291,-0.665632747835956,-0.8595493676439019,0.0,-0.6950097251219305,-0.2573900588892875,-0.22851570735598292,0.0,-0.08567345579766625,-2.136199232761719,-0.24584048579872209,1.3307458497511908,-1.0711609140163494,1.03337013130904,-1.7800573847757606
2.2800000000000002,0.165474353297964,-16.624536398574186,0.0,-0.15197140579552806,-0.03552895747606831,-4.692613830479231,0.0,0.011607597440045778,-0.10122014086822884,-1.4188769872175406,0.0,0.013501494077297203,-0.8660861950277141,-10.98890846146212,0.0,-0.8461740500432424,0.02440056082543937,-0.005516782828252076,0.0,-0.18882597617548813,0.020218147832569703,-0.1358620502992547,0.0,0.0110445178260926,-0.3589968483638411,-18.408547049268286,0.0,-0.5950711820956707,0.16995904467967643,-3.7482167389981322,0.0,0.10770033448652848,0.08802888591677933,-1.4588910193007,0.0,0.12101825495004104,1.0450558357883102,-10.617478442245638,0.0,0.9120358329848258,-0.6746954007613098,-0.3361338456932489,0.0,-0.6771378970243862,-0.11419600819910673,-0.2187496142184825,0.0,-0.10091821915953324,-2.722245252157809,-0.39772934297512175,0.10543981686390791,-1.0941516611893027,1.0418364185361482,-1.7492711448259157
2.3000000000000003,0.058129492089221926,-12.005334245424352,0.0,-0.18107712115910563,0.056832971278061535,-11.122815476614463,0.0,-0.09126716851199085,-0.010013143896773246,-3.7315908366552026,0.0,-0.02256902118454056,-0.7930278402426749,-9.559082142964119,0.0,-0.7570528500086485,-0.07910022266150432,0.1069665671716713,0.0,-0.25673097123509764,0.022394621848303355,-0.34499189826404275,0.0,-0.1066084804347815,-0.39020051728911564,-15.01504536406912,0.0,-0.5668148364191341,0.1899965992197166,-8.219962973908661,0.0,0.009667202897305691,0.12686670555075807,-2.683095099250755,0.0,0.09171425899000821,1.037264623462133,-9.187164250282686,0.0,0.7224515265969651,-0.677598099093662,-0.09432784726086102,0.0,-0.6588311154048772,-0.0950577347501382,-0.23362822104373898,0.0,-0.16492979583190664,-1.4234527083739388,0.4112474912413407,-1.427909360992012,-1.1392184082046841,1.0267438681395595,-1.7531579487601971
2.32,-0.047864297260139715,-5.438556333558811,0.0,-0.027354008231821113,0.06411044674635853,-11.489995006399422,0.0,-0.2796176097023982,0.01307173926780501,-3.5141726407242757,0.0,-0.1285824922369081,-0.7322300958723215,-5.474849490596994,0.0,-0.7217590260017296,-0.16969661088697804,0.4088776085198411,0.0,0.0037953657529804924,-0.0671948589542525,-0.27173803040516686,0.0,-0.16955003208695632,-0.432727400401053,-6.6421840782704225,0.0,-0.3036025752838268,0.14282031979257045,-5.500119621173843,0.0,-0.07790383142053887,0.12634274187777594,-2.0207812711031305,0.0,-0.004578700201998364,0.8893873222583558,-1.6760616755074604,0.0,0.45765544931939306,-0.6682961797386879,-1.0684709452163417,0.0,-0.19212483108097542,-0.14160527871507217,-0.18138163947044117,0.0,-0.2057237511663813,1.2493221261419054,1.4210717925596432,-2.828777587248097,-1.1875763860155613,0.9913028530753909,-1.8099983500136358
2.34,-0.11166254984775952,12.21311188547489,0.0,0.2555468703536358,-0.032890790820825175,-10.312090112692387,0.0,-0.1809716339404796,-0.04082803048665655,-3.0745409670487405,0.0,-0.052696082447381616,-0.7424426774846293,4.092834655313983,0.0,-0.809638085200346,-0.10469054544574173,1.2070349925769905,0.0,0.7159433691505961,-0.13134585376897134,-0.288273941418967,0.0,0.036327369582608744,-0.4370540491246325,15.144279477149066,0.0,-0.05389417905676534,0.03297818378659148,3.247813535030488,0.0,-0.13587526228410776,0.05714880653480699,0.5198271507261243,0.0,-0.07717601204039967,0.5812955930373364,12.605072197419684,0.0,0.7322457138638787,-0.45214690684093994,-3.056001715286742,0.0,0.01886359378380493,-0.18405904607863333,-0.1584438007006595,0.0,-0.2596778382332763,3.8790065984441005,1.416225102573276,-2.4875517966434284,-1.2015952059636312,0.9504907682435917,-1.886099544591919
2.36,-0.09360872953942966,34.02588336998748,0.0,0.33794284607072717,-0.17038920641742028,8.751945099567806,0.0,-0.12913690278809592,-0.05416355019765226,1.3293365348302026,0.0,-0.06292709648947632,-0.8765535034254793,17.250380648031246,0.0,-0.8774554170400692,0.27274041274716576,-0.19240000059810214,0.0,0.9090435458301191,0.003652365015545992,0.050891806976074205,0.0,0.09609424191652174,-0.47909924242013285,41.164815835757345,0.0,-0.0017851558113530664,-0.11206664421256239,10.569656053244737,0.0,-0.21787854845682159,-0.03347117787669459,1.7990493275247141,0.0,-0.09011232240807993,0.5191141079895363,21.735244225122475,0.0,0.7529780707727758,-0.22953257891078652,0.4075851230180927,0.0,-0.06592844124323902,-0.2505520400163043,0.326114706520775,0.0,-0.22593695164665525,2.612167784056228,-0.24574910261712035,1.6444719991078718,-1.1643001653536664,0.9538007157698624,-1.9220722663282146
2.38,-0.046996593886834054,32.51037397970306,0.0,0.32075395321414546,-0.21045225080723293,8.565381007055201,0.0,-0.04820555655761918,-0.07173450459527338,1.7770815098771222,0.0,-0.07826004329789527,-0.995282392275725,19.29216170457118,0.0,-0.9473683554080138,0.5812785587522192,-1.2290257805729894,0.0,0.8638379011660238,0.07184232138101192,0.1368671607732379,0.0,0.07838226438330434,-0.3933951147831177,26.661077999073008,0.0,0.024677592837729388,-0.22164854338149698,8.491674630487916,0.0,-0.1901582856913643,-0.07386627801692958,0.9932621699333843,0.0,-0.01075634448161598,0.5539159976582165,14.468031959020312,0.0,0.7882499261545551,-0.15407339863809008,0.10244192598727686,0.0,-0.22713024824864783,-0.2366891952033219,0.16901615650245727,0.0,-0.20259736632933106,0.7453022593049798,-0.6752568988893406,5.683718670534582,-1.0646738732348455,1.020912016669964,-1.8390624031939846
2.4,0.05287170204195375,15.508186025007491,0.0,0.2944233586428291,-0.1621717853223445,5.021041541426621,0.0,0.04087360068847616,-0.08987620572106712,1.70435201314208,0.0,-0.04888633665957905,-1.046781344571987,10.689004984684283,0.0,-0.9954944390816027,0.7274405806095351,-0.5680608914965948,0.0,0.7731101322332048,0.06940194672384255,0.16241273637518472,0.0,-0.006450011123339136,-0.22329815550841903,7.369497808821677,0.0,-0.004445745432454124,-0.25184856407189943,4.41834756836074,0.0,-0.13386324913827286,-0.03825715144919701,-0.1108772572725818,0.0,-0.00017331689632319597,0.6455033517471128,4.570606260267633,0.0,0.749448225230911,-0.17910730491602467,-1.2406023379470097,0.0,-0.27778365764972957,-0.21272565058442797,-0.02551103099640517,0.0,-0.1004257372658662,-0.9139857542353709,-0.03555928990590329,8.062307503270585,-0.906701851018122,1.1362873489740501,-1.6537428126643219
2.42,0.20214204339825548,-5.591765222041655,0.0,0.29969687972856585,-0.0802717379656008,4.752816989177184,0.0,0.05798449613769523,-0.08314315260767322,2.435777601474989,0.0,-0.0640333233319158,-1.027485344612894,-1.8024218386230206,0.0,-1.0902498638163205,0.7491200017409215,0.7770244867799725,0.0,0.724729426446641,-0.0017185174465360058,0.25948690220288306,0.0,0.05923222977533218,-0.05291414045023436,-8.938078286006395,0.0,-0.07244617308649083,-0.17035515384706165,-7.150102392129842,0.0,0.009709198172345439,-0.011684833257088346,-1.4137857914596499,0.0,-0.058635135379264645,0.7231539611735764,-3.8655810158153097,0.0,0.6662682450461822,-0.2082650228370415,-1.6922193039190239,0.0,-0.3647968595299459,-0.11716184501476044,-0.31213983384416677,0.0,-0.026811627453173236,-1.793953977233057,1.2057021995801533,8.107998814137977,-0.656285583004579,1.2647207648009637,-1.3518003103442404
2.44,0.3758482714363169,-22.213630890763046,0.0,0.2273393199457132,-0.007071050344114588,1.1572082791407743,0.0,0.020619283227539042,-0.08464407788096466,2.1596927478421937,0.0,-0.019212176666383158,-1.0121471521273022,-10.098663460132471,0.0,-1.0427135247632642,0.7310079152193654,0.4553743096144851,0.0,0.5971019172893282,0.04471577258156693,0.012819266203224378,0.0,0.08243767795506643,0.0543420515654454,-20.131762936819676,0.0,-0.14504584261729817,-0.01998267398470931,-10.806906598010277,0.0,0.03701724763446909,-0.0379370351572004,-1.1817941403134637,0.0,-0.09359625107585293,0.7444518272345858,-8.306923634036057,0.0,0.7095253770092365,-0.2664885301291075,-1.127617020217631,0.0,-0.3180947559059892,-0.03824394241735396,-0.312789181124292,0.0,-0.011737589490634647,-1.9909464177209941,1.762532740842431,6.0407442178761235,-0.264982975812156,1.3622413096752761,-0.9030004322519032
2.46,0.4570263917963845,-26.564863201489903,0.0,0.18834443198914264,0.005629266373474261,1.5498258220465482,0.0,0.014162872645507809,-0.05612522506507564,1.2260174375615946,0.0,0.0007870126667233698,-0.9481779228894793,-14.551633465988086,0.0,-1.0150352329526529,0.6686751530042193,0.2758621654076152,0.0,0.5485756794578656,0.07412821792345807,0.03128937281084457,0.0,0.09731021559101329,0.08258952115270604,-24.032952666272116,0.0,-0.15558889652345964,0.08641581035306384,-12.189345137083816,0.0,-0.001587558473106183,-0.06018454573873492,-2.2589665161464474,0.0,-0.1044357782151706,0.7877345352153616,-11.399504759395642,0.0,0.6871068354018472,-0.2811563375166798,-1.0693302584722604,0.0,-0.25886111918119786,-0.005761890227617825,-0.3369559733969584,0.0,-0.013635293898126928,-0.661732034582565,0.9041446434809438,2.6042080842241955,0.128801294610459,1.39579593375491,-0.47807727135620504
2.48,0.441579328682206,-21.585617908622858,0.0,0.19388304879782853,-0.007928780232861301,3.6683516422577496,0.0,0.003257117552301561,-0.029806241262470102,1.381048822251503,0.0,0.026752083093344675,-0.9110127943745852,-11.520204536765464,0.0,-0.9784161297905305,0.6119258278295759,0.08933700963412505,0.0,0.5551151494915731,0.09087800750744915,0.07292065048038589,0.0,0.08686603311820267,0.08567246043327623,-22.86248842086008,0.0,-0.13145636010469192,0.11566797244471116,-11.673406763722216,0.0,-0.04072831049462124,-0.06976885750474082,-2.4982147646643487,0.0,-0.09415619500303411,0.7967953932426223,-10.86055804691797,0.0,0.6645159774803695,-0.26143616179144047,-1.1042111158610717,0.0,-0.18901486543623955,-0.000271649201829804,-0.3020433216218419,0.0,-0.054393175499625385,0.3657626863007125,0.36916191951249183,-0.42454297127486484,0.2492269379528913,1.401370971939788,-0.3550982302807811
2.5,0.37557930788671606,-11.367230705064092,0.0,0.23717856975956572,-0.029685953795015006,5.179183534818625,0.0,-0.015107592489539688,-0.00378203517232944,1.4598681465357504,0.0,0.05943780061866894,-0.906305010260464,-6.2528857374900815,0.0,-0.9802567619581061,0.5827736597497446,0.25200733504724937,0.0,0.5606403338983147,0.0839012262394834,0.1372583556920908,0.0,0.08783416662364053,0.05686360904261645,-14.135227067003047,0.0,-0.08832962402093837,0.0814321709335707,-7.467935787650725,0.0,-0.04937909409892424,-0.07090766702914007,-1.6148938081931337,0.0,-0.07954731100060683,0.7660334158288418,-6.630554487511846,0.0,0.7030436194960739,-0.21755062842556191,-1.158469213859795,0.0,-0.0822708690872479,-0.036288645164562795,-0.14721809595291346,0.0,-0.07155372309992508,0.8201719451749696,0.6503589828263431,-2.5402466085798103,0.08289137810456203,1.414384213398312,-0.5374586665218972
2.52,0.30782284192427634,-0.39053126168378594,0.0,0.29729625795191317,-0.0514872222368534,5.252538111398909,0.0,-0.03949565449790794,0.02753089362796902,1.1739658895037035,0.0,0.0798338801237338,-0.9387314871627622,-0.630918623820528,0.0,-1.005214808391621,0.5680181577979828,0.3792614023254126,0.0,0.5827537707796628,0.08259020497685345,0.1394351440181007,0.0,0.0820193533247281,-0.014031040061629575,-0.28324013832655304,0.0,-0.052383764804187674,0.025888734695476888,-2.3618793651471135,0.0,-0.03424526681978485,-0.07096288754454896,-0.4668404824781833,0.0,-0.07572670220012137,0.7339004370749168,0.08893603668855965,0.0,0.7686868998992148,-0.1463938505201277,-0.8003177322961097,0.0,-0.037411061817449576,-0.0626103937916523,-0.01755184969459392,0.0,-0.08834488861998502,0.6811933220097734,0.8273641245568463,-3.233419267834531,-0.30137119226780323,1.4243996305310116,-0.9415182682277089
2.54,0.254538013853263,9.384052330326263,0.0,0.3546743635903826,-0.0646407627902854,3.118375651639718,0.0,-0.0761239628995816,0.05584515694833655,0.4819635660031505,0.0,0.06346190402474675,-0.9984374396517264,4.471725699028989,0.0,-1.0310476816783243,0.5690155155375367,0.46736893448219036,0.0,0.6770659301559325,0.07847709668852315,0.09713131735471955,0.0,0.06846394266494563,-0.09578976598568946,10.776666207889598,0.0,-0.03273602496083753,-0.014612597591590193,1.0095200447176507,0.0,-0.02572675736395697,-0.07481969683870904,0.24277382996172642,0.0,-0.08762934844002428,0.7255854906074862,5.1144037966381495,0.0,0.813421187979843,-0.0943419928088772,0.154688838182941,0.0,-0.04199710836348992,-0.08525010967763173,0.07340456876796811,0.0,-0.127748993723997,0.26055427387188884,0.6791814819955883,-2.4832089949370713,-0.682407239083595,1.4124715951688216,-1.3359065832281427
2.56,0.22455125088123917,15.056628675710447,0.0,0.4131019767180766,-0.06568252631621743,-1.0032404046292245,0.0,-0.13470727257991633,0.06500241021538047,-0.6743409007741381,0.0,0.017816740804949348,-1.0605800811808213,7.708637881700433,0.0,-1.0266556963356648,0.6135358345457403,0.26003109731042473,0.0,0.7657548020311865,0.07060754969083341,-0.011434712527412065,0.0,0.061396036532989126,-0.1536129565670347,15.668781502678943,0.0,-0.020800164992167507,-0.03331493953490823,2.2297009097753135,0.0,-0.017796615472791395,-0.08505286484418938,0.4918294258129968,0.0,-0.10002482168800486,0.7357360898042394,7.032650422004222,0.0,0.8498424695959685,-0.07667413111026015,0.9036189637366824,0.0,-0.06796690967269799,-0.12258810207067683,0.11725552424656654,0.0,-0.1707179507447994,0.12702476972484478,0.6628928473711017,-0.9054158258101797,-0.8903499922627216,1.3992830909155967,-1.5495882647997108
2.58,0.23049080785549492,16.21994271407809,0.0,0.44942141934361535,-0.07177632494554122,-4.882923543603753,0.0,-0.15545340651598327,0.05039591991316457,-1.8159796719943684,0.0,-0.015151619839010134,-1.093185708115583,8.148322918312733,0.0,-0.9837307312671328,0.6817028000802812,0.051953058998983614,0.0,0.7256494404062372,0.06813805968474287,-0.11620327350990604,0.0,0.040743343306597825,-0.1793152640004721,16.412549636226235,0.0,-0.016789960998433502,-0.04794784619651992,4.6030720115384245,0.0,-0.03518422709455828,-0.09923647956183762,1.021257712791442,0.0,-0.12606046033760096,0.7602109821186843,7.024423280016872,0.0,0.8295835179191937,-0.0834957076341662,1.1380148270044663,0.0,-0.1010518379345396,-0.16599319289769765,0.17809059663695131,0.0,-0.1891187101489599,0.5043276985610855,0.913283125279824,0.8924914644446754,-0.9702010322141685,1.409716033546251,-1.637451279813715
2.6,0.27162624300744304,12.25426489162648,0.0,0.4638103878687231,-0.0955289242339035,-2.981579129205424,0.0,-0.16975563330319665,0.020117845823928917,-0.833014831397731,0.0,-0.03894752396780203,-1.0720289443669655,5.375987205336235,0.0,-0.9285342582534266,0.7008101735785595,0.43126933919346655,0.0,0.6194461680812474,0.049174494154943904,-0.025096972688358782,0.0,-0.005663107338680438,-0.16159023548238574,11.750685685685664,0.0,-0.0205851761996867,-0.06483438310959021,4.465240267791186,0.0,-0.038954005418911655,-0.12141651554628385,1.1543982334406442,0.0,-0.15192038806752017,0.768457967301942,5.460964461765376,0.0,0.8054082395838387,-0.1001214583128224,0.764591286535574,0.0,-0.11458752758690793,-0.1890630412941997,0.16519865505651987,0.0,-0.18056872602979196,0.8291510931953947,1.2947295501947236,2.4872374909242567,-0.9432815098712508,1.4505183094229248,-1.625537471781181
2.62,0.3386231899582419,5.232400529087595,0.0,0.4812364695737446,-0.13202036653356042,0.012657148908631122,0.0,-0.18427338266063933,-0.014856625582161009,0.4616404743613076,0.0,-0.06411145679356041,-1.0058551810424685,1.1057400501885146,0.0,-0.8748957876506853,0.6577659859330444,0.8876970887438307,0.0,0.5199512416162495,0.0042888188247018726,0.09170747242671268,0.0,-0.06210636546773608,-0.11908466722742987,5.454849034519907,0.0,-0.01800767523993734,-0.07186180031011233,3.1727822372645518,0.0,-0.01720334508378233,-0.14668940323388804,1.0252690820698287,0.0,-0.16650992561350406,0.7702612023565091,2.98825285877983,0.0,0.8099567679167677,-0.11037292845221544,0.19800372128450983,0.0,-0.12148869751738159,-0.1859980197555529,0.11209812630180314,0.0,-0.1421348892059584,0.7463280431173931,1.5558744646503266,3.517012959438608,-0.6904657805746496,1.5146499985294104,-1.3895463629876457
2.64,0.4151314121394442,-0.7578008808895991,0.0,0.5100950539147489,-0.16982256303817922,2.1462872601018717,0.0,-0.19293818053212786,-0.0499320601277596,1.2455066132389883,0.0,-0.10770625135871208,-0.925371136162618,-1.8936407784403668,0.0,-0.8399144295301372,0.585791018625268,0.8747188252649059,0.0,0.4299389203232499,-0.05241449162781951,0.1465535131803823,0.0,-0.10219256109354721,-0.07122607540611864,0.5970144224400906,0.0,-0.018154759047987468,-0.054360191351811964,0.9206965070630901,0.0,0.023131874983243535,-0.16449324881513322,0.5026056347709245,0.0,-0.17955882512270083,0.7851271718131265,0.7882756873302272,0.0,0.8341384895833535,-0.11483711699624918,-0.22178258380548674,0.0,-0.1654175795034763,-0.1526505765234582,0.015710240161802724,0.0,-0.08933952184119168,0.3461108977847536,1.5257795730558927,3.9605159052840277,1.2795906521503448,1.5293626788493344,0.5697175683042138
2.66,0.4911829196047106,-4.812483380464434,0.0,0.4984177227829498,-0.19951971569806343,3.4619880742627775,0.0,-0.12751638010642558,-0.0939931573031819,1.7697659340704661,0.0,-0.15295141027174244,-0.8600458393856,-3.2977668797111273,0.0,-0.8347177259060274,0.5063347093297034,0.5919954914370242,0.0,0.28885016806464997,-0.09648137974036237,0.15391923645301492,0.0,-0.08266593621870943,-0.028904918387096735,-3.057688461367405,0.0,-0.09477095980959749,-0.008606282546964463,-1.9699626909249845,0.0,0.11432556699664871,-0.17584373436478243,-0.2662603522329222,0.0,-0.16205333302454017,0.8170510485651401,-1.027966699064609,0.0,0.9751347779166707,-0.13527541797201298,-0.3681419807372768,0.0,-0.4516440599006952,-0.10108012404915598,-0.07750602367270948,0.0,-0.10085594436823833,-0.0491580268492586,1.3676518417375376,3.8472001387323966,1.7284316677571507,1.4518642550975391,1.0165401803845286
2.68,0.5600974663789311,-10.694125883138025,0.0,0.33835864855659,-0.2041881307986186,6.985140873094756,0.0,0.013362251978714892,-0.150032677214396,2.927562886439056,0.0,-0.1820836500543485,-0.8176682392021319,-5.236102012093173,0.0,-0.8639637451812054,0.4046548130923346,0.02207511734324008,0.0,0.027516729612929985,-0.09383114842333946,0.22461512038728387,0.0,0.00539609275625812,-0.03082349101136027,-7.038783004958902,0.0,-0.32374095996191954,0.06617501048483722,-3.4117013883823173,0.0,0.20516648139932975,-0.168911805535559,-0.9109201136807428,0.0,-0.04709764260490802,0.928392520965875,-4.378801117532159,0.0,1.2747772355833342,-0.27423992592620045,-0.009545547775724472,0.0,-0.878541819980139,-0.10202997925723302,-0.0312716382754742,0.0,-0.18965706887364767,-0.8145743633957516,1.0621575000464263,2.8762728955260113,1.8292594315771697,1.3833265673756756,1.1262332957382495
2.7,0.5852793277651631,-22.767776743613517,0.0,0.046285097711317974,-0.15622578365133322,9.894207506456533,0.0,0.052227802395742984,-0.20436578417567183,4.366039426475419,0.0,-0.06730949801086969,-0.7813787446025318,-10.841144043285329,0.0,-0.9477970210362411,0.23797173909682165,-0.7530221508370918,0.0,-0.208132110077414,-0.028974064803131885,0.3348391662072929,0.0,0.07776688255125162,-0.11256201309641257,-15.30303891623926,0.0,-0.5613427999923839,0.15698649030187542,-5.246905034393714,0.0,0.21495162427986594,-0.09112607072681433,-2.7042773328948266,0.0,0.0504750874790184,1.1762915272614887,-10.804252278287851,0.0,1.3000741911166669,-0.5313390356841831,0.5368574711278313,0.0,-0.8915930359960278,-0.17419028006519754,-0.004714815898263669,0.0,-0.14648756577472954,-1.7382535308793505,0.1268357856050073,0.5365829457778721,1.8781881839467796,1.3512485988217962,1.1987667107767224
2.72,0.5019492333845047,-33.346348702941945,0.0,-0.08012327645773643,-0.06997549050394165,1.9820605398123394,0.0,0.0528830804791486,-0.14347996069829724,1.7815126913876718,0.0,0.004682508397826066,-0.7613958578613235,-18.481218514451392,0.0,-0.9308723162072482,0.04181327360222755,-0.8186355441697319,0.0,-0.23479159001548283,0.04589769471012489,0.1174481610367426,0.0,0.07816717651025032,-0.1830279416300652,-31.195087012701457,0.0,-0.6174597119984767,0.2456408010567797,-11.572015751117629,0.0,0.15151534885597318,0.020484228359653054,-6.0187283050468805,0.0,0.09320805749580369,1.3526566681760088,-17.03612654898452,0.0,1.2380722542233333,-0.6969644561720021,-0.28333883403795923,0.0,-0.7536930791992056,-0.14436232872785146,-0.3620194241721257,0.0,-0.06152706515494591,-2.247850850151733,-1.4959495932098041,-2.023111016007747,1.7857083904522442,1.368575088650937,1.14517430863187
2.74,0.3135652339799562,-20.207477558037763,0.0,-0.10169427929154728,0.01845517949770345,-3.7448175214730552,0.0,0.016497936095829717,-0.052854950210816945,-0.7755047186868813,0.0,0.01675191767956521,-0.7591582010778986,-14.688071903585765,0.0,-0.8433302552414497,-0.08939688381598483,0.5441784943152363,0.0,-0.2652035020030966,0.07103269749378621,-0.07390234259254957,0.0,0.04996449130205006,-0.26047177585549913,-26.32442302307425,0.0,-0.5941569583996953,0.2950113781188203,-17.19803807385294,0.0,0.11854342977119463,0.11192168036509978,-8.330597878457304,0.0,0.08714191549916073,1.391255987618334,-14.468170043974798,0.0,1.1082174028446667,-0.7207274509336669,-1.0965254604576455,0.0,-0.7125707278398411,-0.06030596442262259,-0.617663842107215,0.0,-0.06021917303098918,-1.5059532909122626,-1.7091023817740396,-4.3409161817623065,1.5559463476353728,1.4366353773563079,0.9507237862003971
2.7600000000000002,0.09803686557011784,-2.0183650156897066,0.0,-0.11923463185830946,0.04337015213111771,-1.4478916944934437,0.0,-0.07939804478083407,8.140526108028597e-05,-1.1610717786956,0.0,-0.02862343246408696,-0.7681543664206021,-4.556968478460531,0.0,-0.79310401904829,-0.18938461053046377,1.8311174584384453,0.0,-0.31120073240061935,0.057843364802769685,-0.08752382713986691,0.0,-0.02613686973958999,-0.36474132848668667,-10.263940780359981,0.0,-0.580808983679939,0.29373246907727524,-15.344996882649863,0.0,0.07462339795423892,0.1458658021741892,-7.298261511673744,0.0,0.07281685509983214,1.2795965806872365,-3.403814573069976,0.0,0.8937462485689334,-0.706546205440951,-2.062485427636394,0.0,-0.6623487295679682,-0.04176971284716135,-0.5221175185524584,0.0,-0.12502477060619785,-0.039863439280964516,-0.058760485626742236,-5.432825077786619,0.9095333612495533,1.5276595475269021,0.3175946942183134
2.7800000000000002,-0.06743630656634943,7.0318019847953295,0.0,-0.0020555023716618825,-0.021107467179244235,4.06612421790848,0.0,-0.20493010495616681,-0.007503367508848709,-0.06324584993370319,0.0,-0.11919827049281741,-0.7830704228450072,1.2951716822456563,0.0,-0.717264059809658,-0.26887029220928965,2.052992016475068,0.0,-0.12309549848012385,-0.005694865882328169,0.015554089795857595,0.0,-0.16189326994791803,-0.48433899415866866,3.669886246394732,0.0,-0.4484960607359878,0.24451842353690337,-10.327232848485043,0.0,-0.014001416409152222,0.1412154741754768,-5.3757626766112985,0.0,-0.005403756980033576,1.0360357336250139,8.812924861871577,0.0,0.5980391137137866,-0.6628609260118448,-3.609823274249229,0.0,-0.5053375139135936,-0.09269574302086908,-0.4076039776014866,0.0,-0.2410218181212396,1.8607644419731004,1.67071594747382,-5.290192709963945,-1.4000567364583505,1.4952251147271303,-2.0116418349401823
2.8000000000000003,-0.16391018437964147,21.754037236020146,0.0,0.24996895552566764,-0.1477229586732302,8.838612796086506,0.0,-0.25776782899123335,-0.06948517119241579,0.9469385685724667,0.0,-0.11407910209856348,-0.7979808643422152,9.250830835661894,0.0,-0.6945490919619316,-0.22925093052567241,2.4491296897927795,0.0,0.5266032843039753,-0.1278325384710755,0.11254046014162433,0.0,-0.058193493989583595,-0.5728423953087319,22.352378205934972,0.0,-0.17477993214719756,0.16009583393314206,-6.364312705687421,0.0,-0.15657057128183047,0.08055668210915143,-2.17109845261215,0.0,-0.07518055139600673,0.6898310359475508,18.40648549269487,0.0,0.6556115987427573,-0.5589920877491384,-3.721237426548762,0.0,-0.030635902782718688,-0.1957814353891239,-0.32427631612550767,0.0,-0.2918048276242479,3.746035335633451,2.663807654813321,-3.3747946422883026,-1.7075140643982525,1.4063137873554428,-2.3757198842171348
2.82,-0.18479456860803356,44.20565641376164,0.0,0.43319339910513355,-0.28826683104357104,14.207079117852633,0.0,-0.19087346179824669,-0.10345971263699111,1.886827602140086,0.0,-0.0939258044197127,-0.8562692720533576,20.402682068811487,0.0,-0.8664813383923863,0.09962518970707424,1.814492409177575,0.0,0.925457096860795,-0.07207272190316245,0.13315264195480644,0.0,0.07135430120208328,-0.6547692557066622,52.126211076518395,0.0,-0.0038940664294395064,0.016638361616628433,-1.3430217720234232,0.0,-0.3084264582563661,-0.008927075656111162,0.49416773594907504,0.0,-0.12831859827920136,0.4959605130585085,27.34527283808933,0.0,0.7532525277485516,-0.31701696940633806,-0.33359719254977804,0.0,-0.023012404556543735,-0.26496228200863775,-0.037286266701055726,0.0,-0.2726152695248496,3.7697102866739964,1.558498225713858,1.0869322200319442,-1.8623471447731466,1.3762040502676087,-2.610538314722107
2.84,-0.10424340527140331,46.18502418397462,0.0,0.42481835182102673,-0.3390568153924891,15.021152041990511,0.0,-0.06512218035964934,-0.11712748702837465,2.5957951111209328,0.0,-0.10956361688394255,-1.0082600588300583,25.00688498142442,0.0,-0.9623044116784774,0.4821875649093099,-0.29709978917661317,0.0,0.896164955372159,0.034596796325921005,0.22022868040189003,0.0,0.07413349224041665,-0.6425937742939364,53.64850708628157,0.0,-0.012639677285887902,-0.1671517426116932,3.519066187978945,0.0,-0.29303685965127324,-0.08275511899053593,0.47002555874306395,0.0,-0.060403615655840265,0.4755458922807335,28.044014950518935,0.0,0.8193854895497104,-0.18897630240240051,1.6702608942225776,0.0,-0.2871886409113088,-0.2728393355110538,0.21958213893793385,0.0,-0.21461944590496995,1.7777467453224376,0.05759902143520984,6.804506064648768,-2.19957891779243,1.4462333990928424,-3.00798175384989
2.86,0.007217290552869484,29.293389263916424,0.0,0.32754747836420534,-0.2584919367116006,8.328422654386458,0.0,0.06330326792807013,-0.13322285033644468,2.0760648841159783,0.0,-0.08244657137678851,-1.104656549887896,18.389419249443574,0.0,-0.9713872103356955,0.6870398677905565,-0.3642614383322673,0.0,0.7185624150744319,0.055684356285455185,0.1963360119061936,0.0,-0.007439293551916673,-0.4473436155408405,19.59417569376789,0.0,-0.08232075945717758,-0.30028062306401915,7.64399459108063,0.0,-0.16981853993025464,-0.06962181397984316,-0.35993181923794126,0.0,0.028202708868831958,0.574186319728576,11.964234978732907,0.0,0.7577587699099422,-0.22858126256037134,-1.5502133348201723,0.0,-0.4632431121822618,-0.23072042539955534,0.005369966366446155,0.0,-0.10619896918099397,-0.8788475559622329,-0.6063724418189493,10.500253545943373,2.2242880371950733,1.4702280734970383,1.4052399932253767
2.88,0.16701305845818856,-1.5646186930878514,0.0,0.18573460767284106,-0.11082791252728734,3.6009608086393197,0.0,0.17095231758561405,-0.12657156860645397,2.9840257454191628,0.0,-0.0782175062753577,-1.0640856768250269,0.16755530591280987,0.0,-1.013747802067139,0.7010989474628656,1.7896029138758522,0.0,0.5108782430148864,-0.007472576314593502,0.28707300425987653,0.0,-0.033426010710383335,-0.18441749456247253,-11.263604270861158,0.0,-0.21513316789143552,-0.2596425218269779,-2.365182996091253,0.0,0.09827781201394908,-0.010711425053114076,-0.9500051815010897,0.0,0.0444000857737664,0.6948994579130725,-4.769298442218915,0.0,0.6162162259819884,-0.30645019199264817,-3.1150673956949086,0.0,-0.6390218384364523,-0.12927034826768313,-0.2629046555140756,0.0,0.023233486163801213,-2.6717671121852433,1.2292444897484747,10.69878401199184,1.7563633266644543,1.2660291030139421,0.9729059438383637
2.9,0.3517521062181939,-32.71331031899712,0.0,-0.0013411184654317995,0.043417978467453724,-0.25561679074760946,0.0,0.1149182795171228,-0.12649091215923694,3.75481283919148,0.0,-0.009552677255071536,-0.9536878952659301,-17.179523927885736,0.0,-0.8468012324134278,0.6002555325751823,1.6256001925330166,0.0,0.16376454460297726,-0.038750086570983694,0.17972268560750915,0.0,-0.014335410142076666,-0.01585003608363551,-29.84723399594594,0.0,-0.36928308957828715,-0.04684034562598327,-8.37604682296208,0.0,0.24150657840278983,0.012217769636613649,-0.024138991730096038,0.0,0.036111177154753274,0.7265980685992636,-11.923462287693432,0.0,0.6234378931963976,-0.433093884581352,-1.8832872014674038,0.0,-0.6535602876872905,-0.006412588963447534,-0.3147409525897128,0.0,-0.03272723076723976,-4.050113319814562,2.0845929434726793,7.592688637190053,1.6949450773322297,1.0779500318746151,0.9886654967450633
2.92,0.407744539392743,-41.89582002880625,0.0,-0.10984912769308637,0.11726361259496978,-5.674172978615293,0.0,0.06231096790342456,-0.06577256330528015,-0.24119225718795523,0.0,-0.008024655451014308,-0.7459296263742682,-25.85579284613683,0.0,-0.7802346784826856,0.3932938906730443,0.5396835782106848,0.0,-0.09744188307940456,-0.018862060342576273,-0.13112929431872136,0.0,0.019513149971584667,0.009598618139746343,-36.74916444693758,0.0,-0.41309688991565746,0.166175863041642,-10.393385205827611,0.0,0.19585269968055796,0.027211297050477,-1.278396486605076,0.0,0.022224107430950654,0.7648207868813507,-16.84985167157573,0.0,0.6354591146392795,-0.5243621364300016,-0.8238993155331684,0.0,-0.6917589135374581,-0.02264581342579675,-0.23404138275780428,0.0,-0.11787999815344795,-2.610269742888932,1.1576150784442059,2.6827323768800895,1.6653241047339757,0.9788303578356141,1.0273999795044155
2.94,0.34036181614861355,-35.68150305058574,0.0,-0.0016653695386172687,0.12910169171404184,-5.499898905537311,0.0,-0.014621558419315093,-0.024093693530542602,-0.8690469061192814,0.0,-0.05093962709020287,-0.6185253563513488,-21.575096919947462,0.0,-0.873763183696537,0.16560897879929523,-0.32132190806902017,0.0,0.16502887938411911,0.019866017875349664,-0.20541472861260987,0.0,0.011016389994316932,-0.02944796440031366,-33.14265393018795,0.0,-0.3226546739831315,0.2841034692410313,-15.741680638466075,0.0,0.04126343593611158,0.04277836607087715,-3.004400658967798,0.0,-0.012032218513809872,0.7883552517279838,-16.118187759172518,0.0,0.5527845989278559,-0.603679023096282,0.18231501958751473,0.0,-0.5108538867074917,-0.08766778026460316,-0.2931403638395249,0.0,-0.1002527276306896,0.008108363254456047,-0.02389506721329725,-1.4434638194658855,1.6554703339920862,0.9712206074429803,1.0403548616762925
2.96,0.24995582760872237,-15.648480646069867,0.0,0.07801246209227655,0.06952293485906594,1.3663585016548812,0.0,-0.11865151168386304,-0.03578492305302141,0.6665375917061902,0.0,-0.023528629418040573,-0.6983042006495145,-8.192469305582776,0.0,-0.9977336927393076,0.15588610577485792,0.689598377119127,0.0,0.5242714478768239,0.018933557353417996,-0.009370024079773553,0.0,0.031824133998863385,-0.07448919319012275,-18.891556648124684,0.0,-0.23066869479662633,0.28642772996843685,-19.824630932354875,0.0,-0.042012384812777685,0.04036397040971946,-3.8058517242214176,0.0,-0.04160932370276198,0.7137737084520889,-8.22845327102275,0.0,0.6028314557855712,-0.5648573764950624,-0.6830824528958379,0.0,-0.1798975613414983,-0.07721999806169291,-0.5259535926565881,0.0,-0.08739825752613792,2.50275650416988,0.11565690982544641,-3.602332546433631,1.6846627346715275,1.0217366881838286,1.0451940075962198
